ISO;Countries and areas;UNICEF Reporting Region;UNICEF Programme Region;World Bank Income Group (2020);Year;Short Source;Long Source;National;Rural;Urban;Poorest;Second;Middle;Fourth;Richest;15-19
AFG;Afghanistan;South Asia;ROSA;Low income;2010;AMS 2010;Afghanistan Mortality Survey 2010;16,1;12;33,6;;;;;;
AFG;Afghanistan;South Asia;ROSA;Low income;2011;MICS 2010-2011;Multiple Indicator Cluster Survey 2010-2011;14,6;10,5;32,8;5,8;7,8;10,7;17;32,3;12,5
AFG;Afghanistan;South Asia;ROSA;Low income;2014;Other NS 2014;Living Conditions Survey 2013-2014;22,7;17,4;43,9;;;;;;
AFG;Afghanistan;South Asia;ROSA;Low income;2015;DHS 2015;Demographic and Health Survey 2015;17,8;13,6;31,7;10,5;11,4;14,4;19,7;34,1;16,2
AFG;Afghanistan;South Asia;ROSA;Low income;2017;ALCS 2016-2017;"Afghanistan Living Conditions Survey 2016-17. Kabul: Central Statistics Organization (CSO); 2018.";16,3;12,1;33,5;;;;;;
AFG;Afghanistan;South Asia;ROSA;Low income;2018;Afghanistan Health Survey 2018;"Afghanistan Health Survey 2018. Amsterdam: KIT Royal Tropical Institute; 2018.";20,9;17,7;31,2;10;14,2;15,2;20,7;37,7;18,7
AFG;Afghanistan;South Asia;ROSA;Low income;2020;IE&LFS 2020;"Afghanistan 2019-2020 Income, Expenditure & Labour Force Survey; National Statistics and Information Authority";27,6;24,2;40,8;;;;;;
AGO;Angola;Eastern and Southern Africa;ESARO;Lower middle income;2016;DHS 2015-2016;Demographic and Health Survey 2015-2016;61,4;39,4;73,8;34;44,8;64;81,5;88,2;55,9
ALB;Albania;Eastern Europe and Central Asia;ECARO;Upper middle income;2002;Other NS 2002;Other NS 2002;41,1;26,7;62,2;;;;;;
ALB;Albania;Eastern Europe and Central Asia;ECARO;Upper middle income;2009;DHS 2008-2009;Demographic and Health Survey 2008-2009;66,8;56,8;82,1;48,5;57,6;73;84,9;92,1;73,3
ALB;Albania;Eastern Europe and Central Asia;ECARO;Upper middle income;2018;DHS 2017-2018;Demographic and Health Survey 2017-2018;77,8;72,7;81,9;;;;;;72,1
ARG;Argentina;Latin America and Caribbean;LACRO;Upper middle income;2005;Other NS 2004-2005;Other NS 2004-2005;89,3;;;;;;;;
ARG;Argentina;Latin America and Caribbean;LACRO;Upper middle income;2012;MICS 2011-2012;Multiple Indicator Cluster Survey 2011-2012;89,8;;;86,2;89,2;90,8;89,4;95,3;84,6
ARG;Argentina;Latin America and Caribbean;LACRO;Upper middle income;2020;MICS 2019-2020;Multiple Indicator Cluster Survey 2019-2020;90,4;;;;;;;;84,7
ARM;Armenia;Eastern Europe and Central Asia;ECARO;Upper middle income;2000;DHS 2000;Demographic and Health Survey 2000;64,7;45,4;81,7;;;;;;56,1
ARM;Armenia;Eastern Europe and Central Asia;ECARO;Upper middle income;2005;DHS 2005;Demographic and Health Survey 2005;70,9;53;81,6;46,7;56,7;81,3;78,9;92;67,8
ARM;Armenia;Eastern Europe and Central Asia;ECARO;Upper middle income;2010;DHS 2010;Demographic and Health Survey 2010;92,8;88,8;95,6;94,4;93,2;95,7;94,1;98,1;96,8
ARM;Armenia;Eastern Europe and Central Asia;ECARO;Upper middle income;2016;DHS 2015-2016;Demographic and Health Survey 2015-2016;96;93,6;97,8;92,4;94,7;96;97,4;98,9;92,7
ATG;Antigua and Barbuda;Latin America and Caribbean;LACRO;High income;2013;Other NS 2013;WHO Health Situation in the Americas Basic Indicators 2014;100;;;;;;;;
AUS;Australia;East Asia and Pacific;Industrialized;High income;2008;Other NS 2008;Other NS 2008;92;;;;;;;;
AZE;Azerbaijan;Eastern Europe and Central Asia;ECARO;Upper middle income;2001;RHS 2001;Reproductive Health Survey Azerbaijan 2001;30,4;15,9;44,9;;;;;;
AZE;Azerbaijan;Eastern Europe and Central Asia;ECARO;Upper middle income;2006;DHS 2006;Demographic and Health Survey 2006;45,2;29,7;59,9;24,2;37,8;47;69,2;82,2;40,2
AZE;Azerbaijan;Eastern Europe and Central Asia;ECARO;Upper middle income;2011;DHS 2011;Demographic and Health Survey 2011;66,1;48,3;77,2;;;;;;
AZE;Azerbaijan;Eastern Europe and Central Asia;ECARO;Upper middle income;2013;Azerbaijan National Nutrition Survey 2013;Azerbaijan National Nutrition Survey 2013;95,5;;;;;;;;
BDI;Burundi;Eastern and Southern Africa;ESARO;Low income;2010;DHS 2010;Demographic and Health Survey 2010;33,4;32,8;39,2;32,4;34,7;35,2;27,6;35,8;33
BDI;Burundi;Eastern and Southern Africa;ESARO;Low income;2017;DHS 2016-2017;Demographic and Health Survey 2016-2017;49,3;49,1;50,8;47;50,2;49,7;47,6;52,3;52,1
BEN;Benin;West and Central Africa;WCARO;Lower middle income;2001;DHS 2001;Demographic and Health Survey 2001;61,6;56,8;71,4;;;;;;55,3
BEN;Benin;West and Central Africa;WCARO;Lower middle income;2006;DHS 2006;Demographic and Health Survey 2006;60,5;54,6;71,3;38,5;49,6;58,2;71,1;76,6;55,4
BEN;Benin;West and Central Africa;WCARO;Lower middle income;2012;DHS 2011-2012;Demographic and Health Survey 2011-2012;58,2;52,9;65,9;38,5;49,6;58,2;71,1;76,6;56,4
BEN;Benin;West and Central Africa;WCARO;Lower middle income;2014;MICS 2014;Multiple Indicator Cluster Survey 2014;58,7;53,6;65,5;34,7;50,2;61,4;67,6;83,2;52,5
BEN;Benin;West and Central Africa;WCARO;Lower middle income;2018;DHS 2017-2018;Demographic and Health Survey 2017-2018;52,1;47,7;58,9;31,6;44,2;51;59,8;75,5;47,3
BFA;Burkina Faso;West and Central Africa;WCARO;Low income;2003;DHS 2003;Demographic and Health Survey 2003;17,6;15;33,4;11,2;12;14,1;17,1;27,4;15,2
BFA;Burkina Faso;West and Central Africa;WCARO;Low income;2010;DHS 2010;Demographic and Health Survey 2010;33,7;31;45;22,3;27,5;32,7;38,5;44,9;31,9
BFA;Burkina Faso;West and Central Africa;WCARO;Low income;2015;Other NS 2015;Multisectoral Continuous Survey Demographic and Health Module 2015;47,2;48,7;39,6;53,1;46,8;53;44,4;35,1;51,8
BGD;Bangladesh;South Asia;ROSA;Lower middle income;2000;DHS 1999-2000;Demographic and Health Survey 1999-2000;10,5;;;;;;;;6,9
BGD;Bangladesh;South Asia;ROSA;Lower middle income;2001;Other NS 2001;Bangladesh Maternal Health Services and Maternal Mortality Survey 2001;11,6;;;;;;;;
BGD;Bangladesh;South Asia;ROSA;Lower middle income;2004;DHS 2004;Demographic and Health Survey 2004;15,9;11,3;33,7;;;;;;14,3
BGD;Bangladesh;South Asia;ROSA;Lower middle income;2007;DHS 2007;Demographic and Health Survey 2007;20,6;15,9;38,3;8,8;11,3;15,4;30,4;51,7;18,7
BGD;Bangladesh;South Asia;ROSA;Lower middle income;2010;Other NS 2010;Maternal Mortality and Health Care Survey (Prelim) 2011;23,4;19,6;36,1;;;;;;
BGD;Bangladesh;South Asia;ROSA;Lower middle income;2011;DHS 2011;Demographic and Health Survey 2011;25,5;19,8;44,7;11,7;15;21,1;35,5;55,6;24,9
BGD;Bangladesh;South Asia;ROSA;Lower middle income;2013;MICS 2012-2013;Multiple Indicator Cluster Survey 2012-2013;24,7;19,7;43,3;12,8;13,9;18,4;25,3;55,2;24,7
BGD;Bangladesh;South Asia;ROSA;Lower middle income;2014;DHS 2014;Demographic and Health Survey 2014;31,2;26,1;45,5;15,4;;;;55,1;31,7
BGD;Bangladesh;South Asia;ROSA;Lower middle income;2018;DHS 2017-2018;Demographic and Health Survey 2017-2018;47;42,7;58,7;;;;;;
BGD;Bangladesh;South Asia;ROSA;Lower middle income;2019;MICS 2019;Multiple Indicator Cluster Survey 2019;36,9;32;54,5;17,4;22,4;31,7;45,8;65,8;34,8
BHR;Bahrain;Middle East and North Africa;MENA;High income;2013;Other NS 2013;Health Summary Statistics 2013;100;;;;;;;;
BHS;Bahamas;Latin America and Caribbean;LACRO;High income;2013;Other NS 2013;WHO Health Situation in the Americas Basic Indicators 2014;85;;;;;;;;
BIH;Bosnia and Herzegovina;Eastern Europe and Central Asia;ECARO;Upper middle income;2012;MICS 2011-2012;Multiple Indicator Cluster Survey 2011-2012;84,2;84,9;82,6;85,2;80,4;84,5;86,5;85,1;
BLR;Belarus;Eastern Europe and Central Asia;ECARO;Upper middle income;2012;MICS 2012;Multiple Indicator Cluster Survey 2012;99,7;98,6;99,9;97,4;100;99,8;100;100;94,7
BLR;Belarus;Eastern Europe and Central Asia;ECARO;Upper middle income;2019;MICS 2019;Multiple Indicator Cluster Survey 2019;99,9;99,8;99,9;100;99,7;99,8;99,9;100;99,1
BLZ;Belize;Latin America and Caribbean;LACRO;Lower middle income;2011;MICS 2011;Multiple Indicator Cluster Survey 2011;83,1;80,5;87,4;70,3;88,1;82,6;90,6;89;80,5
BLZ;Belize;Latin America and Caribbean;LACRO;Lower middle income;2016;MICS 2015-2016;Multiple Indicator Cluster Survey 2015-2016;92,6;92,1;93,4;90,6;91,4;93,3;94,6;94,7;91,6
BOL;Bolivia (Plurinational State of);Latin America and Caribbean;LACRO;Lower middle income;2004;DHS 2003-2004;Demographic and Health Survey 2003-2004;57,9;42,8;67,6;33,1;50,3;56,4;74,5;85,8;57,9
BOL;Bolivia (Plurinational State of);Latin America and Caribbean;LACRO;Lower middle income;2008;DHS 2008;Demographic and Health Survey 2008;72,1;59,5;81,3;51;68,6;77,9;84,5;92,2;69,2
BOL;Bolivia (Plurinational State of);Latin America and Caribbean;LACRO;Lower middle income;2012;Other NS 2012;Encuesta de Evaluación de Salud y Nutrición , Informe de Resultados 2012;75,3;67,4;79,2;63,1;75,4;74,3;79,4;83,6;72,3
BOL;Bolivia (Plurinational State of);Latin America and Caribbean;LACRO;Lower middle income;2016;EDSA 2016;Encuesta de Demografia y Salud (EDSA ) 2016;85,6;77,2;89,6;;;;;;80,9
BRA;Brazil;Latin America and Caribbean;LACRO;Upper middle income;2000;"SINASC, MoH [Brazil]; 2021";"Brazil Live Birth Information System (SINASC), Ministry of Health [Brazil]; 2021";79,6;;;;;;;;76
BRA;Brazil;Latin America and Caribbean;LACRO;Upper middle income;2001;"SINASC, MoH [Brazil]; 2021";"Brazil Live Birth Information System (SINASC), Ministry of Health [Brazil]; 2021";81;;;;;;;;77,6
BRA;Brazil;Latin America and Caribbean;LACRO;Upper middle income;2002;"SINASC, MoH [Brazil]; 2021";"Brazil Live Birth Information System (SINASC), Ministry of Health [Brazil]; 2021";83,3;;;;;;;;79,7
BRA;Brazil;Latin America and Caribbean;LACRO;Upper middle income;2003;"SINASC, MoH [Brazil]; 2021";"Brazil Live Birth Information System (SINASC), Ministry of Health [Brazil]; 2021";84,8;;;;;;;;81,1
BRA;Brazil;Latin America and Caribbean;LACRO;Upper middle income;2004;"SINASC, MoH [Brazil]; 2021";"Brazil Live Birth Information System (SINASC), Ministry of Health [Brazil]; 2021";86,2;;;;;;;;82,3
BRA;Brazil;Latin America and Caribbean;LACRO;Upper middle income;2005;"SINASC, MoH [Brazil]; 2021";"Brazil Live Birth Information System (SINASC), Ministry of Health [Brazil]; 2021";86,8;;;;;;;;83
BRA;Brazil;Latin America and Caribbean;LACRO;Upper middle income;2006;MoH 2006;MoH PNDS 2006;89;;;;;;;;
BRA;Brazil;Latin America and Caribbean;LACRO;Upper middle income;2006;"SINASC, MoH [Brazil]; 2021";"Brazil Live Birth Information System (SINASC), Ministry of Health [Brazil]; 2021";;;;;;;;;84,3
BRA;Brazil;Latin America and Caribbean;LACRO;Upper middle income;2007;"SINASC, MoH [Brazil]; 2021";"Brazil Live Birth Information System (SINASC), Ministry of Health [Brazil]; 2021";88,8;;;;;;;;85,2
BRA;Brazil;Latin America and Caribbean;LACRO;Upper middle income;2008;"SINASC, MoH [Brazil]; 2021";"Brazil Live Birth Information System (SINASC), Ministry of Health [Brazil]; 2021";89,4;;;;;;;;85,6
BRA;Brazil;Latin America and Caribbean;LACRO;Upper middle income;2009;"SINASC, MoH [Brazil]; 2021";"Brazil Live Birth Information System (SINASC), Ministry of Health [Brazil]; 2021";89,5;;;;;;;;85,6
BRA;Brazil;Latin America and Caribbean;LACRO;Upper middle income;2010;"SINASC, MoH [Brazil]; 2021";"Brazil Live Birth Information System (SINASC), Ministry of Health [Brazil]; 2021";90,2;;;;;;;;86,3
BRA;Brazil;Latin America and Caribbean;LACRO;Upper middle income;2011;"SINASC, MoH [Brazil]; 2021";"Brazil Live Birth Information System (SINASC), Ministry of Health [Brazil]; 2021";89,1;;;;;;;;85,3
BRA;Brazil;Latin America and Caribbean;LACRO;Upper middle income;2012;"SINASC, MoH [Brazil]; 2021";"Brazil Live Birth Information System (SINASC), Ministry of Health [Brazil]; 2021";88,8;;;;;;;;84,9
BRA;Brazil;Latin America and Caribbean;LACRO;Upper middle income;2013;"SINASC, MoH [Brazil]; 2021";"Brazil Live Birth Information System (SINASC), Ministry of Health [Brazil]; 2021";89;;;;;;;;85
BRA;Brazil;Latin America and Caribbean;LACRO;Upper middle income;2014;"SINASC, MoH [Brazil]; 2021";"Brazil Live Birth Information System (SINASC), Ministry of Health [Brazil]; 2021";90,1;;;;;;;;86,3
BRA;Brazil;Latin America and Caribbean;LACRO;Upper middle income;2015;"SINASC, MoH [Brazil]; 2021";"Brazil Live Birth Information System (SINASC), Ministry of Health [Brazil]; 2021";91;;;;;;;;87,2
BRA;Brazil;Latin America and Caribbean;LACRO;Upper middle income;2016;"SINASC, MoH [Brazil]; 2021";"Brazil Live Birth Information System (SINASC), Ministry of Health [Brazil]; 2021";91,3;;;;;;;;87,7
BRA;Brazil;Latin America and Caribbean;LACRO;Upper middle income;2017;"SINASC, MoH [Brazil]; 2021";"Brazil Live Birth Information System (SINASC), Ministry of Health [Brazil]; 2021";91,7;;;;;;;;87,8
BRA;Brazil;Latin America and Caribbean;LACRO;Upper middle income;2018;"SINASC, MoH [Brazil]; 2021";"Brazil Live Birth Information System (SINASC), Ministry of Health [Brazil]; 2021";92,3;;;;;;;;88,3
BRA;Brazil;Latin America and Caribbean;LACRO;Upper middle income;2019;"SINASC, MoH [Brazil]; 2021";"Brazil Live Birth Information System (SINASC), Ministry of Health [Brazil]; 2021";92,7;;;;;;;;88,9
BRB;Barbados;Latin America and Caribbean;LACRO;High income;2012;MICS 2012;Multiple Indicator Cluster Survey 2012;87,9;96,7;82,7;87,5;76,2;91,6;90,1;94,4;
BRN;Brunei Darussalam;East Asia and Pacific;EAPRO;High income;2012;HIB 2012;HIB 2012;93,2;;;;;;;;
BTN;Bhutan;South Asia;ROSA;Lower middle income;2010;MICS 2010;Bhutan 2010 Multiple Indicator Survey;77,3;73,3;87,1;64;68,8;77,8;83,7;91,8;66,4
BTN;Bhutan;South Asia;ROSA;Lower middle income;2012;Other NS 2012;National Health Survey 2012;81,5;79,4;87,4;;;;;;
BTN;Bhutan;South Asia;ROSA;Lower middle income;2015;Other NS 2015;National Nutrition Survey 2015;85;82,8;87,4;;;;;;
BWA;Botswana;Eastern and Southern Africa;ESARO;Upper middle income;2007;FHS 2007;Family Health Survey 2007;73,3;69,7;76,2;;;;;;
CAF;Central African Republic;West and Central Africa;WCARO;Low income;2010;MICS 2010;Multiple Indicator Cluster Survey 2010;38,1;29,5;54,2;25,9;26,9;35,5;47,8;61,6;32,1
CAF;Central African Republic;West and Central Africa;WCARO;Low income;2019;MICS 2018-2019;Multiple Indicator Cluster Survey 2018-2019;41,4;32,4;62,1;25,9;30,1;36,9;52,9;72;44,9
CAN;Canada;North America;Industrialized;High income;2007;Other NS 2006-2007;Other NS 2006-2007;99;;;;;;;;
CHN;China;East Asia and Pacific;EAPRO;Upper middle income;2013;NHSS 2013;National Health Commission, National Health Services Survey (NHSS) 2013;81,4;76,6;86,9;;;;;;
CHN;China;East Asia and Pacific;EAPRO;Upper middle income;2018;NHSS 2018;National Health Services Survey 2018;92,9;88,9;95,9;;;;;;
CIV;Côte d'Ivoire;West and Central Africa;WCARO;Lower middle income;2005;Other NS 2005;Other NS 2005;45,3;35,9;58,8;;;;;;
CIV;Côte d'Ivoire;West and Central Africa;WCARO;Lower middle income;2012;DHS 2011-2012;Demographic and Health Survey 2011-2012;44,2;32,9;61,1;25,7;34,3;36,9;56,4;71,7;41,2
CIV;Côte d'Ivoire;West and Central Africa;WCARO;Lower middle income;2016;MICS 2016;Multiple Indicator Cluster Survey 2016;51,3;40,7;67,1;32,1;40,4;47,4;69,4;83,6;46,8
CMR;Cameroon;West and Central Africa;WCARO;Lower middle income;2004;DHS 2004;Demographic and Health Survey 2004;60,4;48,4;74,4;36,1;44,8;62;76;83,5;58,1
CMR;Cameroon;West and Central Africa;WCARO;Lower middle income;2011;DHS 2011;Demographic and Health Survey 2011;62,2;50,2;76,6;30,4;51,6;61,5;74,7;86,3;52,2
CMR;Cameroon;West and Central Africa;WCARO;Lower middle income;2014;MICS 2014;Multiple Indicator Cluster Survey 2014;58,8;;;;;;;;51,1
CMR;Cameroon;West and Central Africa;WCARO;Lower middle income;2018;DHS 2018;Demographic and Health Survey 2018;64,9;52,2;78,7;37;55,3;66,1;80,3;90,5;58,3
COD;Democratic Republic of the Congo;West and Central Africa;WCARO;Low income;2007;DHS 2007;Demographic and Health Survey 2007;46,7;42,6;53;39,7;45,4;43,6;44,6;63;45,4
COD;Democratic Republic of the Congo;West and Central Africa;WCARO;Low income;2010;MICS 2010;Multiple Indicator Cluster Survey 2010;44,7;40,8;54,4;40;40,7;41,7;45,4;59;42,5
COD;Democratic Republic of the Congo;West and Central Africa;WCARO;Low income;2014;DHS 2013-2014;Demographic and Health Survey 2013-2014;48;42,1;60,7;38,4;41,4;44,5;48,6;64,1;49,8
COD;Democratic Republic of the Congo;West and Central Africa;WCARO;Low income;2018;MICS 2017-2018;Multiple Indicator Cluster Survey 2017-2018;42,9;37,6;51,4;31;39,5;42,2;46,6;63,3;45,6
COG;Congo;West and Central Africa;WCARO;Lower middle income;2005;DHS 2005;Demographic and Health Survey 2005;74,7;67,6;82,2;59,1;67,1;73,1;79,4;89;73,5
COG;Congo;West and Central Africa;WCARO;Lower middle income;2012;DHS 2011-2012;Demographic and Health Survey 2011-2012;78,9;68,5;84,9;60,7;72,1;76,8;84,6;92;73,4
COG;Congo;West and Central Africa;WCARO;Lower middle income;2015;MICS 2014-2015;Multiple Indicator Cluster Survey 2014-2015;79;63,2;88,8;57,5;75,9;88,2;90,4;92;76,7
COL;Colombia;Latin America and Caribbean;LACRO;Upper middle income;2000;DHS 2000;Demographic and Health Survey 2000;81;;;;;;;;71,2
COL;Colombia;Latin America and Caribbean;LACRO;Upper middle income;2005;DHS 2004-2005;Demographic and Health Survey 2004-2005;83,1;73,4;86,9;66,7;82,3;89;90;94,5;79,7
COL;Colombia;Latin America and Caribbean;LACRO;Upper middle income;2010;DHS 2009-2010;Demographic and Health Survey 2009-2010;88,6;81,4;91,2;76,9;87,3;90,2;92,1;97,9;84,9
COL;Colombia;Latin America and Caribbean;LACRO;Upper middle income;2016;DHS 2015-2016;Demographic and Health Survey 2015-2016;89,8;83,7;92;82,2;89,8;92,7;92,2;95,8;85,6
COM;Comoros;Eastern and Southern Africa;ESARO;Lower middle income;2012;DHS-MICS 2012;Demographic and Health Survey, Multiple Indicator Cluster Survey 2012;48,9;48,5;49,9;35,4;42,2;50,2;56,4;57,9;38,2
CPV;Cabo Verde;West and Central Africa;WCARO;Lower middle income;2005;DHS 2005;Demographic and Health Survey 2005;72,3;66,7;77,4;;;;;;
CPV;Cabo Verde;West and Central Africa;WCARO;Lower middle income;2018;IDSR 2018 (Preliminary results);Demographic and Reproductive Health Survey (IDSR-III) 2018 (Preliminary results);85,7;;;;;;;;
CRI;Costa Rica;Latin America and Caribbean;LACRO;Upper middle income;2008;Other NS 2008;Other NS 2008;85,8;;;;;;;;
CRI;Costa Rica;Latin America and Caribbean;LACRO;Upper middle income;2011;MICS 2011;Multiple Indicator Cluster Survey 2011;90,2;88,3;91,5;84,2;94,5;82,4;98;96,8;87,8
CRI;Costa Rica;Latin America and Caribbean;LACRO;Upper middle income;2018;MICS 2018;Multiple Indicator Cluster Survey 2018;94,1;93,1;94,5;92,5;93;96,9;93,2;97;91,8
CUB;Cuba;Latin America and Caribbean;LACRO;Upper middle income;2009;Other NS 2009;Other NS 2009;99;;;;;;;;
CUB;Cuba;Latin America and Caribbean;LACRO;Upper middle income;2010;Other NS 2011;Sistema de Información Estadístico de Servicios Externos 2010-2011;100;;;;;;;;
CUB;Cuba;Latin America and Caribbean;LACRO;Upper middle income;2011;Other NS 2011;Sistema de Información Estadístico de Servicios Externos 2010-2011;100;;;;;;;;
CUB;Cuba;Latin America and Caribbean;LACRO;Upper middle income;2012;MoH 2012;"Ministerio de Salud Pública. Anuario Estadístico de Salud . La Habana; . 2011. ; 2014. 2012";100;;;;;;;;
CUB;Cuba;Latin America and Caribbean;LACRO;Upper middle income;2014;MICS 2014;Multiple Indicator Cluster Survey 2014;97,8;98,5;97,5;;;;;;99,2
CUB;Cuba;Latin America and Caribbean;LACRO;Upper middle income;2019;MICS 2019;Multiple Indicator Cluster Survey 2019;79,3;72,8;83,2;;;;;;75,5
DEU;Germany;Western Europe;Industrialized;High income;2014;Other NS 2014;QUAG 2014;99,3;;;;;;;;
DJI;Djibouti;Eastern and Southern Africa;MENA;Lower middle income;2002;Other NS 2002;Other NS 2002;7,1;2;9;;;;;;
DJI;Djibouti;Eastern and Southern Africa;MENA;Lower middle income;2012;EDSF/PAPFAM 2012;EDSF/PAPFAM 2012;22,6;11,8;26,3;;;;;;18,8
DOM;Dominican Republic;Latin America and Caribbean;LACRO;Upper middle income;2002;DHS 2002;Demographic and Health Survey 2002;93,5;92,1;94,2;;;;;;91,1
DOM;Dominican Republic;Latin America and Caribbean;LACRO;Upper middle income;2007;DHS 2007;Demographic and Health Survey 2007;94,5;94,2;94,7;88,2;95;96,1;96,4;96,7;93,6
DOM;Dominican Republic;Latin America and Caribbean;LACRO;Upper middle income;2013;DHS 2013;Demographic and Health Survey 2013;95,4;95,6;95,3;89,8;98,1;97,7;98;98,4;94,1
DOM;Dominican Republic;Latin America and Caribbean;LACRO;Upper middle income;2014;MICS 2014;Multiple Indicator Cluster Survey 2014;92,9;92,2;93,2;89,6;92,5;95,2;94,6;94,2;90,5
DOM;Dominican Republic;Latin America and Caribbean;LACRO;Upper middle income;2019;MICS 2019;Multiple Indicator Cluster Survey 2019;92,6;91,6;92,9;86,5;91,9;93,4;97,4;96,1;89,7
DZA;Algeria;Middle East and North Africa;MENA;Lower middle income;2013;MICS 2012-2013;Multiple Indicator Cluster Survey 2012-2013;67,3;59,5;72,3;53,9;65,7;64,6;74,4;82,3;74,3
DZA;Algeria;Middle East and North Africa;MENA;Lower middle income;2019;MICS 2018-2019;Multiple Indicator Cluster Survey 2018-2019;69,8;65;73,5;54,1;69,9;71;78,4;81,7;68,9
ECU;Ecuador;Latin America and Caribbean;LACRO;Upper middle income;2004;ENDEMAIN 2004;Encuesta Demográfica y de Salud Materna e Infantil (ENDEMAIN) Ecuador 2004;57,5;41,9;70,7;;;;;;
EGY;Egypt;Middle East and North Africa;MENA;Lower middle income;2000;DHS 2000;Demographic and Health Survey 2000;36,7;25,9;53,9;;;;;;37,8
EGY;Egypt;Middle East and North Africa;MENA;Lower middle income;2003;DHS 2003 (Interim DHS);Demographic and Health Survey 2003;55,6;;;;;;;;54,8
EGY;Egypt;Middle East and North Africa;MENA;Lower middle income;2005;DHS 2005;Demographic and Health Survey 2005;58,5;49,2;74,8;36,6;49,9;65,2;77,3;90,6;62,7
EGY;Egypt;Middle East and North Africa;MENA;Lower middle income;2008;DHS 2008;Demographic and Health Survey 2008;66;57,4;80,5;41,4;55,8;64,2;80,8;89,8;69,9
EGY;Egypt;Middle East and North Africa;MENA;Lower middle income;2014;DHS 2014;Demographic and Health Survey 2014;82,8;80,5;87,8;72;76,7;83,5;88,1;93,1;87,1
ERI;Eritrea;Eastern and Southern Africa;ESARO;Low income;2002;DHS 2002;Demographic and Health Survey 2002;40,9;24,2;72,3;;;;;;39,7
ERI;Eritrea;Eastern and Southern Africa;ESARO;Low income;2010;Other NS 2010;Population and Health Survey 2010;57,4;46,9;79,7;;;;;;
EST;Estonia;Western Europe;Industrialized;High income;2014;Other NS 2014;Medical Birth Registry 2014;96,8;;;;;;;;
ETH;Ethiopia;Eastern and Southern Africa;ESARO;Low income;2000;DHS 2000;Demographic and Health Survey 2000;10,4;;;;;;;;9,5
ETH;Ethiopia;Eastern and Southern Africa;ESARO;Low income;2005;DHS 2005;Demographic and Health Survey 2005;12,2;8,1;54,5;3,5;7,2;8,7;10,1;38,1;11
ETH;Ethiopia;Eastern and Southern Africa;ESARO;Low income;2011;DHS 2010-2011;Demographic and Health Survey 2010-2011;19,1;14,4;45,5;6,8;9,4;14,7;19,4;44,7;14,7
ETH;Ethiopia;Eastern and Southern Africa;ESARO;Low income;2014;DHS (Mini) 2014;Mini Demographic and Health Survey 2014;32,1;26,5;65,7;;;;;;
ETH;Ethiopia;Eastern and Southern Africa;ESARO;Low income;2016;DHS 2016;Demographic and Health Survey 2016;31,8;27,3;62,7;19,1;27,5;28,9;32,7;56,8;30,4
ETH;Ethiopia;Eastern and Southern Africa;ESARO;Low income;2019;DHS (Mini) 2019;Demographic and Health Survey (Mini) 2019;43;37,4;58,7;20,6;35,9;41;46,9;69,7;36,1
FJI;Fiji;East Asia and Pacific;EAPRO;Upper middle income;2013;Other NS 2013;National Immunisation Coverage Survey 2013;93,6;;;;;;;;
FJI;Fiji;East Asia and Pacific;EAPRO;Upper middle income;2021;MICS 2021 (Preliminary Results);Multiple Indicator Cluster Survey 2021 (Preliminary Results);88,7;;;;;;;;
FRA;France;Western Europe;Industrialized;High income;2010;Other NS 2010;Enquête nationale périnatale 2010;98,9;;;;;;;;
GAB;Gabon;West and Central Africa;WCARO;Upper middle income;2001;DHS 2000-2001;Demographic and Health Survey 2000-2001;63,3;;;;;;;;55,8
GAB;Gabon;West and Central Africa;WCARO;Upper middle income;2012;DHS 2012;Demographic and Health Survey 2012;77,6;58,2;80,8;55,9;75,4;78,2;85,9;86,3;75,6
GEO;Georgia;Eastern Europe and Central Asia;ECARO;Upper middle income;2005;Other NS 2005;Other NS 2005;75;63,9;86,3;;;;;;
GEO;Georgia;Eastern Europe and Central Asia;ECARO;Upper middle income;2010;RHS 2010;Reproductive Health Survey 2010;90,2;85,7;94,6;78,4;86,5;90,5;93,6;97,2;
GEO;Georgia;Eastern Europe and Central Asia;ECARO;Upper middle income;2013;Other NS 2013;HSCSY 2013;84,6;;;;;;;;
GEO;Georgia;Eastern Europe and Central Asia;ECARO;Upper middle income;2014;Other NS 2014;HSCSY 2014;86,9;;;;;;;;
GEO;Georgia;Eastern Europe and Central Asia;ECARO;Upper middle income;2016;Other NS 2015;HSCSY 2015;88,3;;;;;;;;
GEO;Georgia;Eastern Europe and Central Asia;ECARO;Upper middle income;2017;Other NS 2018;Health Care Statistical Yearbook, 2018.;76,3;;;;;;;;
GEO;Georgia;Eastern Europe and Central Asia;ECARO;Upper middle income;2018;Other NS 2020;"Health Care; Statistical Yearbook 2020 Georgia. Tbilisi: Ministry of Labour; Health and Social Affairs of Georgia; National Centre for Disease Control and Public Health; 2021.";81,1;;;;;;;;
GEO;Georgia;Eastern Europe and Central Asia;ECARO;Upper middle income;2019;Other NS 2020;"Health Care; Statistical Yearbook 2020 Georgia. Tbilisi: Ministry of Labour; Health and Social Affairs of Georgia; National Centre for Disease Control and Public Health; 2021.";84,9;;;;;;;;
GEO;Georgia;Eastern Europe and Central Asia;ECARO;Upper middle income;2020;Other NS 2020;"Health Care; Statistical Yearbook 2020 Georgia. Tbilisi: Ministry of Labour; Health and Social Affairs of Georgia; National Centre for Disease Control and Public Health; 2021.";85,2;;;;;;;;
GHA;Ghana;West and Central Africa;WCARO;Lower middle income;2003;DHS 2003;Demographic and Health Survey 2003;69,4;61;84,3;53,2;60,5;62,1;80,2;93,6;62,7
GHA;Ghana;West and Central Africa;WCARO;Lower middle income;2006;MICS 2006;Multiple Indicator Cluster Survey 2006;73,3;67;85,3;60,1;68,4;69;82,9;94,5;47,6
GHA;Ghana;West and Central Africa;WCARO;Lower middle income;2007;GMHS 2007;Ghana Maternal Health Survey 2007;76,7;70,3;89,1;61,9;69,4;76,7;86,5;93,7;
GHA;Ghana;West and Central Africa;WCARO;Lower middle income;2008;DHS 2008;Demographic and Health Survey 2008;78,2;71,5;88,1;61,7;67;77,1;88,3;94,7;72,1
GHA;Ghana;West and Central Africa;WCARO;Lower middle income;2011;MICS 2011;Multiple Indicator Cluster Survey 2011;86,6;81,2;94,1;74,3;79,2;91,7;93;98,5;80,9
GHA;Ghana;West and Central Africa;WCARO;Lower middle income;2014;DHS 2014;Demographic and Health Survey 2014;87,3;82,9;92,3;;;;;;81,1
GHA;Ghana;West and Central Africa;WCARO;Lower middle income;2017;MHS 2017;Ghana Maternal Health Survey 2017;89,3;85,7;93,2;;;;;;
GHA;Ghana;West and Central Africa;WCARO;Lower middle income;2018;MICS 2017-2018;Multiple Indicator Cluster Survey 2017-2018;85;81,2;90,3;75,9;81,5;82,3;91,3;95,4;78,1
GIN;Guinea;West and Central Africa;WCARO;Low income;2005;DHS 2005;Demographic and Health Survey 2005;48,8;43,4;65,7;35,8;36,7;43,9;54,9;66,2;48
GIN;Guinea;West and Central Africa;WCARO;Low income;2008;ENENSE 2008;Enquête nationale sur l'état nutritionnel et le suivi des principaux indicateurs de survie de l'enfant (ENENSE) 2008;50,3;43,9;67;;;;;;
GIN;Guinea;West and Central Africa;WCARO;Low income;2012;DHS-MICS 2012;Demographic and Health Survey-Multiple Indicator Cluster Survey 2012;56,6;48,5;77,1;37;48,1;55,4;65,5;84,6;56,9
GIN;Guinea;West and Central Africa;WCARO;Low income;2016;MICS 2016;Multiple Indicator Cluster Survey 2016;50,6;40,2;70,5;30,5;38,7;49,5;64;76,7;48,1
GIN;Guinea;West and Central Africa;WCARO;Low income;2018;DHS 2018;Demographic and Health Survey 2018;35,3;28,4;51,4;18,8;26,5;32,6;48,2;58,4;35,9
GMB;Gambia;West and Central Africa;WCARO;Low income;2006;MICS 2005-2006;Multiple Indicator Cluster Survey 2005-2006;72,9;73,5;71,7;72,9;71,8;71,7;71,1;78,1;73,3
GMB;Gambia;West and Central Africa;WCARO;Low income;2010;MICS 2010;Multiple Indicator Cluster Survey 2010;72;71,5;72,7;68,8;73,8;72;68,5;78,4;67
GMB;Gambia;West and Central Africa;WCARO;Low income;2013;DHS 2013;Demographic and Health Survey 2013;77,6;78,3;77;73,3;78,4;74,2;75,1;83,1;74,1
GMB;Gambia;West and Central Africa;WCARO;Low income;2018;MICS 2018;Multiple Indicator Cluster Survey 2018;75,6;74,5;76,2;70,6;72,2;76,6;76,2;85,1;74,5
GMB;Gambia;West and Central Africa;WCARO;Low income;2020;DHS 2019-2020;Gambia 2019-2020 Demographic and Health Survey;78,5;83,3;76,1;82,3;75,3;74,1;76,1;85,4;75,8
GNB;Guinea-Bissau;West and Central Africa;WCARO;Low income;2010;MICS 2010;Multiple Indicator Cluster Survey 2010;67,6;64,5;73,7;61,3;65,9;68,5;70,3;78,1;65,6
GNB;Guinea-Bissau;West and Central Africa;WCARO;Low income;2014;MICS 2014;Multiple Indicator Cluster Survey 2014;64,9;59,1;74,8;58,2;57,3;62,7;70;83,9;64,6
GNB;Guinea-Bissau;West and Central Africa;WCARO;Low income;2019;MICS 2018-2019;Multiple Indicator Cluster Survey 2018-2019;80,7;79,8;83,2;72,9;77,1;85,9;81,8;88,8;80,6
GNQ;Equatorial Guinea;West and Central Africa;WCARO;Upper middle income;2011;DHS 2011;Demographic and Health Survey 2011;66,9;62,2;71,7;;;;;;
GTM;Guatemala;Latin America and Caribbean;LACRO;Upper middle income;2015;DHS 2014-2015;Demographic and Health Survey 2014-2015;86,2;84,6;88,7;81,2;84,4;84,5;89,4;94,6;84,6
GUY;Guyana;Latin America and Caribbean;LACRO;Upper middle income;2009;DHS 2009;Demographic and Health Survey 2009;78,5;77,3;82,1;71,2;81,1;76,9;79,8;83,7;74,4
GUY;Guyana;Latin America and Caribbean;LACRO;Upper middle income;2014;MICS 2014;Multiple Indicator Cluster Survey 2014;86,7;86,5;87,4;83,4;86,1;87,7;90,1;90,1;85,8
GUY;Guyana;Latin America and Caribbean;LACRO;Upper middle income;2020;MICS 2019-2020;Multiple Indicator Cluster Survey 2019-2020;84,7;84,2;86,1;75,1;87,1;85,5;89,8;91,8;84,4
HND;Honduras;Latin America and Caribbean;LACRO;Lower middle income;2001;Other NS 2001;Other NS 2001;58,6;53,1;67,2;;;;;;
HND;Honduras;Latin America and Caribbean;LACRO;Lower middle income;2006;DHS 2005-2006;Demographic and Health Survey 2005-2006;80,8;75,8;86,9;65,8;76;78,4;87,4;97,2;75,2
HND;Honduras;Latin America and Caribbean;LACRO;Lower middle income;2012;DHS 2011-2012;Demographic and Health Survey 2011-2012;88,9;86,4;91,6;79,3;84,7;90,9;91,2;95,5;86,5
HND;Honduras;Latin America and Caribbean;LACRO;Lower middle income;2019;ENDESA/MICS 2019;Encuesta Nacional de Demografía y Salud/Encuesta de Indicadores Múltiples por Conglomerados 2019;88,3;86,7;90,4;81;86,5;97,5;92;98,9;84,5
HRV;Croatia;Eastern Europe and Central Asia;ECARO;High income;2014;Other NS 2013;Deliveries in Health Institutions 2013;93,3;;;;;;;;
HRV;Croatia;Eastern Europe and Central Asia;ECARO;High income;2015;Other NS 2015;Childbirths in healthcare institutions in in 2015;91,7;;;;;;;;
HRV;Croatia;Eastern Europe and Central Asia;ECARO;High income;2018;n Institute for Public Health 2018;n Institute for Public Health 2018;97,8;;;;;;;;
HRV;Croatia;Eastern Europe and Central Asia;ECARO;High income;2020;Institute for Public Health 2020;Croatian Institute for Public Health, report: Childbirths in healthcare institutions in 2020, page 5, Figure 3. Mothers according to the number of examinations in pregnancy in 2020;97,5;;;;;;;;
HTI;Haiti;Latin America and Caribbean;LACRO;Lower middle income;2000;DHS 2000;Demographic and Health Survey 2000;44,2;;;;;;;;40
HTI;Haiti;Latin America and Caribbean;LACRO;Lower middle income;2006;DHS 2005-2006;Demographic and Health Survey 2005-2006;53,8;46,1;66,9;31,1;41,8;48,3;61,2;80,3;45,3
HTI;Haiti;Latin America and Caribbean;LACRO;Lower middle income;2012;DHS 2012;Demographic and Health Survey 2012;67,3;60,1;73;49,4;56;67,6;73,4;85,6;54,9
HTI;Haiti;Latin America and Caribbean;LACRO;Lower middle income;2017;DHS 2016-2017;Demographic and Health Survey 2016-2017;66,6;61;75,9;;;;;;55,3
IDN;Indonesia;East Asia and Pacific;EAPRO;Lower middle income;2003;DHS 2002-2003;Demographic and Health Survey 2002-2003;81;75,2;87,5;61,5;77;80,5;87,4;95;74
IDN;Indonesia;East Asia and Pacific;EAPRO;Lower middle income;2007;DHS 2007;Demographic and Health Survey 2007;81,5;75,5;89,9;57,7;79,1;84,3;90,7;96;77,7
IDN;Indonesia;East Asia and Pacific;EAPRO;Lower middle income;2012;DHS 2012;Demographic and Health Survey 2012;87,8;82,9;92,7;67,9;87,2;92;94,9;96,5;83,1
IDN;Indonesia;East Asia and Pacific;EAPRO;Lower middle income;2013;RISKESDAS 2013;Basic Health Research RISKESDAS 2013.;83,5;77,2;89,3;64,2;79,4;86,7;89,3;90,1;
IDN;Indonesia;East Asia and Pacific;EAPRO;Lower middle income;2017;DHS 2017;Demographic and Health Survey 2017;77,4;72,7;82,4;60,8;72,8;78,2;85,4;90;64,8
IND;India;South Asia;ROSA;Lower middle income;2006;NFHS 2005-2006;National Family Health Survey 2005-2006;37;27,7;62,4;12,5;19,8;36,8;53,4;77,1;30
IND;India;South Asia;ROSA;Lower middle income;2014;RSOC 2013-2014;Rapid Survey on Children 2013-2014;45,4;39,6;58,9;24,5;35,1;47,6;56,8;64,4;
IND;India;South Asia;ROSA;Lower middle income;2016;NFHS 2015-2016;National Family Health Survey (Demographic and Health Survey) 2015-2016;51,2;44,8;66,4;25;44,3;57,2;65,8;73;
IND;India;South Asia;ROSA;Lower middle income;2021;NFHS 2019-2021 (Final report);National Family Health Survey 2019-2021 (Final report);58,4;54,4;68,5;41,7;53,4;62,5;67,4;71,7;58,6
IRN;Iran (Islamic Republic of);Middle East and North Africa;MENA;Lower middle income;2005;MoH 2005-2007;Ministry of Health 2005;94,3;;;;;;;;
IRQ;Iraq;Middle East and North Africa;MENA;Upper middle income;2011;MICS 2011;Multiple Indicator Cluster Survey 2011;49,6;40,5;54;35,4;45,1;53,4;55;64,9;53,4
IRQ;Iraq;Middle East and North Africa;MENA;Upper middle income;2018;MICS 2018;Multiple Indicator Cluster Survey 2018;67,9;58,1;72,3;52,1;66,6;70,8;73,8;78,9;76,4
ITA;Italy;Western Europe;Industrialized;High income;2003;MoH 2003;Ministry of Health 2003;68,1;;;;;;;;
JAM;Jamaica;Latin America and Caribbean;LACRO;Upper middle income;2009;RHS 2008;Reproductive Health Survey 2008;87;83,7;90;81,6;84,1;89,1;92,2;94,4;
JAM;Jamaica;Latin America and Caribbean;LACRO;Upper middle income;2011;MICS 2011;Multiple Indicator Cluster Survey 2011;85,6;86;85,2;77,3;90,8;85,3;86,8;89,3;85
JOR;Jordan;Middle East and North Africa;MENA;Upper middle income;2002;DHS 2002;Demographic and Health Survey 2002;90,9;86,4;92,2;;;;;;92,5
JOR;Jordan;Middle East and North Africa;MENA;Upper middle income;2007;DHS 2007;Demographic and Health Survey 2007;94,1;90,7;94,8;90;93,8;95,4;94,9;98,5;97,8
JOR;Jordan;Middle East and North Africa;MENA;Upper middle income;2012;DHS 2012;Demographic and Health Survey 2012;94,5;93,5;94,7;88,2;94,1;95,1;97,6;98,7;90,1
JOR;Jordan;Middle East and North Africa;MENA;Upper middle income;2018;DHS 2017-18;Jordan Population and Family and Health Survey  2017-18. Amman, Jordan, and Rockville, Maryland, USA: DOS and ICF;91,5;91,9;91,5;88;90,4;93,3;94;94;92,7
KAZ;Kazakhstan;Eastern Europe and Central Asia;ECARO;Upper middle income;2011;MICS 2010-2011;Multiple Indicator Cluster Survey 2010-2011;87;88,4;85,5;87,7;87,8;87,3;89,3;82,5;74,9
KAZ;Kazakhstan;Eastern Europe and Central Asia;ECARO;Upper middle income;2015;MICS 2015;Multiple Indicator Cluster Survey 2015;95,3;;;;;;;;98,1
KEN;Kenya;Eastern and Southern Africa;ESARO;Lower middle income;2003;DHS 2003;Demographic and Health Survey 2003;52,3;48,6;66,7;39,5;42,1;49,1;53,2;63,1;42,2
KEN;Kenya;Eastern and Southern Africa;ESARO;Lower middle income;2009;DHS 2008-2009;Demographic and Health Survey 2008-2009;47,1;43,8;59,9;33,7;36,7;36;52,4;54,6;39,5
KEN;Kenya;Eastern and Southern Africa;ESARO;Lower middle income;2014;DHS 2014;Demographic and Health Survey 2014;57,6;51,3;67,7;;;;;;49
KEN;Kenya;Eastern and Southern Africa;ESARO;Lower middle income;2020;MIS 2020;Malaria Indicator Survey 2020;58,5;56,6;62,6;56,6;56,1;59,4;63,4;56,4;57,8
KGZ;Kyrgyzstan;Eastern Europe and Central Asia;ECARO;Lower middle income;2012;DHS 2012;Demographic and Health Survey 2012;83,6;79,3;93;81,2;82,1;80,4;82,7;97,9;88,7
KGZ;Kyrgyzstan;Eastern Europe and Central Asia;ECARO;Lower middle income;2014;MICS 2014;Multiple Indicator Cluster Survey 2014;94,6;93,7;96,4;90,8;95,2;95,4;94,9;96,7;93,5
KGZ;Kyrgyzstan;Eastern Europe and Central Asia;ECARO;Lower middle income;2018;MICS 2018;Multiple Indicator Cluster Survey 2018;94,3;93,5;95,9;93,5;93,3;92,3;95,9;97,7;81,7
KHM;Cambodia;East Asia and Pacific;EAPRO;Lower middle income;2000;DHS 2000;Demographic and Health Survey 2000;8,9;;;;;;;;12,3
KHM;Cambodia;East Asia and Pacific;EAPRO;Lower middle income;2006;DHS 2005-2006;Demographic and Health Survey 2005-2006;27;24,4;43,2;15,7;20,1;26;32,4;58,4;31,4
KHM;Cambodia;East Asia and Pacific;EAPRO;Lower middle income;2011;DHS 2010-2011;Demographic and Health Survey 2010-2011;59,4;55,3;80,3;48,8;59,1;65,3;73,6;84,3;68
KHM;Cambodia;East Asia and Pacific;EAPRO;Lower middle income;2014;DHS 2014;Demographic and Health Survey 2014;75,6;73,9;85,4;;;;;;71,4
KIR;Kiribati;East Asia and Pacific;EAPRO;Lower middle income;2009;DHS 2009;Demographic and Health Survey 2009;70,8;69,5;72,5;;;;;;
KIR;Kiribati;East Asia and Pacific;EAPRO;Lower middle income;2019;MICS 2018-2019;Kiribati 2018-2019 Multiple Indicator Cluster Survey;67;67,6;66,6;64,4;67,4;73,8;58,1;71,8;65,6
KOR;Republic of Korea;East Asia and Pacific;EAPRO;High income;2012;NHS 2012;National Health Survey 2012;96,8;;;;;;;;
LAO;Lao People's Democratic Republic;East Asia and Pacific;EAPRO;Lower middle income;2012;MICS-DHS 2011-2012;Multiple Indicator Cluster Survey, Demographic and Health Survey 2011-2012;36,9;27,2;70,6;9,1;19,3;41,4;56,8;82,6;26,8
LAO;Lao People's Democratic Republic;East Asia and Pacific;EAPRO;Lower middle income;2017;MICS 2017;Multiple Indicator Cluster Survey 2017;62,2;55,1;81,4;32,2;53,7;68;83;90,3;52,2
LBR;Liberia;West and Central Africa;WCARO;Low income;2007;DHS 2006-2007;Demographic and Health Survey 2006-2007;66;60,9;76,1;55;52,2;71,8;76,2;75,8;66,2
LBR;Liberia;West and Central Africa;WCARO;Low income;2013;DHS 2013;Demographic and Health Survey 2013;78,1;72;83,4;66,5;73;82,5;83,8;84,1;77,8
LBR;Liberia;West and Central Africa;WCARO;Low income;2020;DHS 2019-2020;Demographic and Health Survey 2019-2020;87,3;84,6;89,3;82,5;87,6;86,6;89,2;91,3;86,2
LCA;Saint Lucia;Latin America and Caribbean;LACRO;Upper middle income;2012;MICS 2012;Multiple Indicator Cluster Survey 2012;90,3;90,8;;;;;;;
LKA;Sri Lanka;South Asia;ROSA;Lower middle income;2007;DHS 2006-2007;Demographic and Health Survey 2006-2007;92,5;93,6;84,4;;;;;;
LSO;Lesotho;Eastern and Southern Africa;ESARO;Lower middle income;2005;DHS 2004-2005;Demographic and Health Survey 2004-2005;69,6;67;83,5;56;60,1;67,8;72,3;79,8;63,9
LSO;Lesotho;Eastern and Southern Africa;ESARO;Lower middle income;2009;DHS 2009;Demographic and Health Survey 2009;70,4;66,3;82,5;57;61,1;62,1;69,2;84,8;62,4
LSO;Lesotho;Eastern and Southern Africa;ESARO;Lower middle income;2014;DHS 2014;Demographic and Health Survey 2014;74,4;72,1;80,1;;;;;;70,2
LSO;Lesotho;Eastern and Southern Africa;ESARO;Lower middle income;2018;MICS 2018;Multiple Indicator Cluster Survey 2018;76,6;74,3;80,2;72,3;70,3;77,7;79,3;84,2;71,1
LUX;Luxembourg;Western Europe;Industrialized;High income;2011;NHS 2011;National Health Survey 2011;97,3;;;;;;;;
MAR;Morocco;Middle East and North Africa;MENA;Lower middle income;2004;DHS 2003-2004;Demographic and Health Survey 2003-2004;30,5;14,9;44;11,1;19;28,3;40,3;61,5;29,7
MAR;Morocco;Middle East and North Africa;MENA;Lower middle income;2011;ENPSF 2011;National Survey on Population and Family Health 2011;55,3;40,4;65,5;27,9;43;57;65;73,9;
MAR;Morocco;Middle East and North Africa;MENA;Lower middle income;2018;ENPSF 2018;Enquête Nationale sur la Population et la Santé Familiale 2018;53,5;38,5;65,6;32,6;46,7;60,9;64,9;69,6;45,4
MDA;Republic of Moldova;Eastern Europe and Central Asia;ECARO;Upper middle income;2005;DHS 2005;Demographic and Health Survey 2005;88,8;89,4;88;89,9;91,7;89,7;88,3;89,6;89,5
MDA;Republic of Moldova;Eastern Europe and Central Asia;ECARO;Upper middle income;2012;MICS 2012;Multiple Indicator Cluster Survey 2012;95,4;95,8;94,7;86,3;97,2;96,5;97,5;96,9;95,8
MDG;Madagascar;Eastern and Southern Africa;ESARO;Low income;2004;DHS 2003-2004;Demographic and Health Survey 2003-2004;39,9;36,7;53,2;23,2;30,7;29,6;43,4;66,7;32,2
MDG;Madagascar;Eastern and Southern Africa;ESARO;Low income;2009;DHS 2008-2009;Demographic and Health Survey 2008-2009;49,3;46,3;70,5;33;38,9;44,8;53,3;72,1;47
MDG;Madagascar;Eastern and Southern Africa;ESARO;Low income;2013;ENSOMD 2012-2013;L’Enque^te Nationale sur le Suivi des indicateurs des Objectifs du Mille´naire pour le De´veloppement 2012-2013;51,1;46,8;75;;;;;;
MDG;Madagascar;Eastern and Southern Africa;ESARO;Low income;2018;MICS 2018;Multiple Indicator Cluster Survey 2018;50,6;46,7;66;32,5;42,5;49,5;61;81,6;45,1
MDV;Maldives;South Asia;ROSA;Upper middle income;2004;MoH 2004;Ministry of Health 2004;91;;;;;;;;
MDV;Maldives;South Asia;ROSA;Upper middle income;2009;DHS 2009;Demographic and Health Survey 2009;85,1;87,5;79,6;89,7;88,4;89,3;89,2;82,9;90,9
MDV;Maldives;South Asia;ROSA;Upper middle income;2017;DHS 2016-2017;Demographic and Health Survey 2016-2017;81,6;80,4;84;;;;;;87
MEX;Mexico;Latin America and Caribbean;LACRO;Upper middle income;2006;Other NS 2006;Other NS 2006;88,3;;;;;;;;
MEX;Mexico;Latin America and Caribbean;LACRO;Upper middle income;2009;ENADID 2009;Encuesta Nacional de la Dinámica Demográfica 2009;86,3;85,2;86,9;;;;;;
MEX;Mexico;Latin America and Caribbean;LACRO;Upper middle income;2012;Other NS 2012;Encuesta Nacional de Salud y Nutrición 2012;91;88,8;91,8;;;;;;
MEX;Mexico;Latin America and Caribbean;LACRO;Upper middle income;2015;MICS 2015;Multiple Indicator Cluster Survey 2015;94,3;92,4;94,9;87,8;95,5;96,9;96;97,8;93,5
MHL;Marshall Islands;East Asia and Pacific;EAPRO;Upper middle income;2007;DHS 2007;Demographic and Health Survey 2007;77,1;78,1;76,6;;;;;;
MKD;North Macedonia;Eastern Europe and Central Asia;ECARO;Upper middle income;2011;MICS 2011;Multiple Indicator Cluster Survey 2011;93,9;92;95,8;90,7;96,5;91,3;97,3;93,8;
MKD;North Macedonia;Eastern Europe and Central Asia;ECARO;Upper middle income;2019;MICS 2018-2019;North Macedonia 2018-2019 Multiple Indicator Cluster Survey;95,7;96,2;95,3;95,7;99,4;90,4;98,3;94,5;
MLI;Mali;West and Central Africa;WCARO;Low income;2001;DHS 2001;Demographic and Health Survey 2001;29,9;21;57,4;;;;;;31,3
MLI;Mali;West and Central Africa;WCARO;Low income;2006;DHS 2006;Demographic and Health Survey 2006;35,4;27,6;54,8;24,6;28,1;29,4;35,7;64,7;33,7
MLI;Mali;West and Central Africa;WCARO;Low income;2010;MICS 2009-2010;Multiple Indicator Cluster Survey 2009-2010;34,9;29,1;53,8;20,1;26,5;30,1;43,1;62,7;32,8
MLI;Mali;West and Central Africa;WCARO;Low income;2013;DHS 2012-2013;Demographic and Health Survey 2012-2013;41,2;34,6;66,6;;;;;;41,5
MLI;Mali;West and Central Africa;WCARO;Low income;2015;MICS 2015;Multiple Indicator Cluster Survey 2015;38;64,7;31,8;21;28,2;34,7;44,1;65,7;38,3
MLI;Mali;West and Central Africa;WCARO;Low income;2018;DHS 2018;Demographic and Health Survey 2018;43,3;36,7;66,7;25,8;30,9;37,2;51,6;72,7;41,5
MMR;Myanmar;East Asia and Pacific;EAPRO;Lower middle income;2001;FRHS 2001;Myanmar Fertility and Reproductive Health Survey 2001;65,9;60,6;82,8;;;;;;
MMR;Myanmar;East Asia and Pacific;EAPRO;Lower middle income;2007;FRHS 2007;Myanmar Fertility and Reproductive Health Survey 2007;73,4;67,6;90,2;;;;;;
MMR;Myanmar;East Asia and Pacific;EAPRO;Lower middle income;2016;DHS 2015-2016;Demographic and Health Survey 2015-2016;58,6;50,8;84,2;38,5;51,2;60,5;70,6;88,7;47,1
MNE;Montenegro;Eastern Europe and Central Asia;ECARO;Upper middle income;2013;MICS 2013;Multiple Indicator Cluster Survey 2013;86,6;77,9;91,2;67;82,3;93,5;93,3;91;
MNE;Montenegro;Eastern Europe and Central Asia;ECARO;Upper middle income;2018;MICS 2018;Multiple Indicator Cluster Survey 2018;94,2;96,7;92,8;83,6;94,7;97,9;95,9;97,1;
MNG;Mongolia;East Asia and Pacific;EAPRO;Lower middle income;2010;MICS 2010;Multiple Indicator Cluster Survey 2010;81,4;80;82,4;78,3;83,5;83;80;82,5;89,3
MNG;Mongolia;East Asia and Pacific;EAPRO;Lower middle income;2014;MICS 2013-2014;Multiple Indicator Cluster Survey 2013;89,6;85,4;92;83,1;87,5;91,2;91,1;95;80,9
MNG;Mongolia;East Asia and Pacific;EAPRO;Lower middle income;2018;MICS 2018;Mongolia 2018 Multiple Indicator Cluster Survey;88,5;85,9;89,7;83,9;87,7;86,4;91,1;93,6;90
MOZ;Mozambique;Eastern and Southern Africa;ESARO;Low income;2003;DHS 2003;Demographic and Health Survey 2003;53,1;45,2;70,7;38,4;45,1;52,4;62,2;76;53,9
MOZ;Mozambique;Eastern and Southern Africa;ESARO;Low income;2011;DHS 2011;Demographic and Health Survey 2011;50,6;46,9;59,5;36,9;42,3;49,6;53,9;63,7;49,3
MOZ;Mozambique;Eastern and Southern Africa;ESARO;Low income;2015;AIS 2015;AIDS Indicator Survey 2015;51,7;48,4;60,1;;;;;;55,1
MOZ;Mozambique;Eastern and Southern Africa;ESARO;Low income;2018;MIS 2018;Malaria Indicator Survey 2018;51;45,3;65;;;;;;
MRT;Mauritania;West and Central Africa;WCARO;Lower middle income;2001;DHS 2000-2001;Demographic and Health Survey 2000-2001;16,4;;;;;;;;13,6
MRT;Mauritania;West and Central Africa;WCARO;Lower middle income;2011;MICS 2011;Multiple Indicator Cluster Survey 2011;48,4;43,2;55,8;34,7;39,9;52;53,6;63,9;51
MRT;Mauritania;West and Central Africa;WCARO;Lower middle income;2015;MICS 2015;Multiple Indicator Cluster Survey 2015;63;54,4;73,4;47,2;53,3;63,2;71,8;82,4;55,7
MWI;Malawi;Eastern and Southern Africa;ESARO;Low income;2000;DHS 2000;Demographic and Health Survey 2000;56;54,1;68,3;;;;;;52,4
MWI;Malawi;Eastern and Southern Africa;ESARO;Low income;2005;DHS 2004-2005;Demographic and Health Survey 2004-2005;57,1;55,7;65,2;48,3;49,5;50,7;58,7;67,1;54,7
MWI;Malawi;Eastern and Southern Africa;ESARO;Low income;2010;DHS 2010;Demographic and Health Survey 2010;45,5;44,9;48,6;37,1;42,5;44,4;43,3;48,2;42,6
MWI;Malawi;Eastern and Southern Africa;ESARO;Low income;2014;MICS 2013-2014;Multiple Indicator Cluster Survey 2013-2014;44,7;43,8;51,4;40,1;43;44;47,2;52,9;43,1
MWI;Malawi;Eastern and Southern Africa;ESARO;Low income;2016;DHS 2015-2016;Demographic and Health Survey 2015-2016;50,6;49,2;58,9;47,7;48,6;48,8;49,9;59,5;45,5
MWI;Malawi;Eastern and Southern Africa;ESARO;Low income;2020;MICS 2019-2020;Multiple Indicator Cluster Survey 2019-2020;50,5;49,3;59;43,9;50,2;49;53,3;61,4;49,7
MYS;Malaysia;East Asia and Pacific;EAPRO;Upper middle income;2016;NHMS 2016;National Health and Morbidity Survey: Maternal and Child Health 2016;97,4;97,4;97,3;;;;;;94
NAM;Namibia;Eastern and Southern Africa;ESARO;Upper middle income;2000;DHS 2000;Demographic and Health Survey 2000;69,1;;;;;;;;60,3
NAM;Namibia;Eastern and Southern Africa;ESARO;Upper middle income;2007;DHS 2006-2007;Demographic and Health Survey 2006-2007;70,4;68,4;73;62,3;69,3;68,3;75;77,2;64,5
NAM;Namibia;Eastern and Southern Africa;ESARO;Upper middle income;2013;DHS 2013;Demographic and Health Survey 2013;62,5;61,1;63,9;60,2;53,7;59,3;64,9;77,8;58,4
NER;Niger;West and Central Africa;WCARO;Low income;2006;DHS 2006;Demographic and Health Survey 2006;14,9;11,1;35,3;9;12,6;10,3;13,9;33,4;15,2
NER;Niger;West and Central Africa;WCARO;Low income;2012;DHS-MICS 2012;Demographic and Health Survey-Multiple Indicator Cluster Survey 2012;32,8;30,5;46,3;24,9;31,5;31,5;32,2;46,5;31,6
NER;Niger;West and Central Africa;WCARO;Low income;2015;ENISED 2015;Etude Nationale d’Evaluation d’Indicateurs SocioEconomiques et Démographiques 2015;38,5;37,4;44,3;;;;;;
NER;Niger;West and Central Africa;WCARO;Low income;2021;ENAFEME 2021 (résultats préliminaires);L’Enquête Nationale sur la Fécondité et la Mortalité des Enfants (Résultats préliminaires), ENAFEME Niger 2021;37,3;35,3;50;;;;;;34,6
NGA;Nigeria;West and Central Africa;WCARO;Lower middle income;2003;DHS 2003;Demographic and Health Survey 2003;47,4;37,6;71,1;22,6;28,2;43,7;61,6;88,4;46,7
NGA;Nigeria;West and Central Africa;WCARO;Lower middle income;2008;DHS 2008;Demographic and Health Survey 2008;44,8;34,4;68,8;15,9;28,5;46,7;63,9;80,2;29,4
NGA;Nigeria;West and Central Africa;WCARO;Lower middle income;2011;MICS 2011;Multiple Indicator Cluster Survey 2011;56,6;46;79,5;22,4;37,5;61,5;77,8;88,6;38,3
NGA;Nigeria;West and Central Africa;WCARO;Lower middle income;2013;DHS 2013;Demographic and Health Survey 2013;51,1;38,2;74,5;19,3;35,5;57,5;72;85,7;36,2
NGA;Nigeria;West and Central Africa;WCARO;Lower middle income;2017;MICS 2016-2017;Multiple Indicator Cluster Survey 2016-2017;49,1;40;70,7;21,5;34,4;50;67;83,2;38,2
NGA;Nigeria;West and Central Africa;WCARO;Lower middle income;2018;DHS 2018;Demographic and Health Survey 2018;56,8;45,7;73,7;30,7;42,6;60,6;73,2;85,4;46,7
NIC;Nicaragua;Latin America and Caribbean;LACRO;Lower middle income;2001;DHS 2001;Demographic and Health Survey 2001;71,6;59,3;82,1;;;;;;67,9
NIC;Nicaragua;Latin America and Caribbean;LACRO;Lower middle income;2007;ENDESA 2006-2007;Encuesta Nicaragüense de Demografía y Salud (ENDESA) 2006/07;77,7;69,8;86,2;60,7;79,3;84,4;88,1;92,3;
NIC;Nicaragua;Latin America and Caribbean;LACRO;Lower middle income;2012;ENDESA 2011-2012;Encuesta Nicaragüense de Demografía y Salud (ENDESA) (Informe Final) 2011-2012;87,6;83;92,2;;;;;;84,3
NPL;Nepal;South Asia;ROSA;Lower middle income;2001;DHS 2001;Demographic and Health Survey 2001;14,3;11,8;48,4;;;;;;17,3
NPL;Nepal;South Asia;ROSA;Lower middle income;2006;DHS 2006;Demographic and Health Survey 2006;29,4;26;51,9;14,7;21;30,7;40;60,6;37,6
NPL;Nepal;South Asia;ROSA;Lower middle income;2011;DHS 2011;Demographic and Health Survey 2011;50,1;47,7;71,8;32;43,7;49,8;68,4;90,3;54,3
NPL;Nepal;South Asia;ROSA;Lower middle income;2014;MICS 2014;Multiple Indicator Cluster Survey 2014;59,5;55,9;84;40,6;52,8;56,5;68,6;88,4;51,8
NPL;Nepal;South Asia;ROSA;Lower middle income;2016;DHS 2016;Demographic and Health Survey 2016;69,4;61,7;75,5;56,7;65,4;66,8;74,7;87,4;72,8
NPL;Nepal;South Asia;ROSA;Lower middle income;2019;MICS 2019;Multiple Indicator Cluster Survey 2019;77,8;72,3;80,7;69,6;73,3;75,4;80,2;94,5;79,9
NRU;Nauru;East Asia and Pacific;EAPRO;High income;2007;DHS 2007;Demographic and Health Survey 2007;40,2;;;;;;;;
OMN;Oman;Middle East and North Africa;MENA;High income;2000;MoH Annual Report 2019;Oman Ministry of Health Annual Report 2019, Chapter Eight Health Domains;75,7;;;;;;;;
OMN;Oman;Middle East and North Africa;MENA;High income;2005;MoH Annual Report 2019;Oman Ministry of Health Annual Report 2019, Chapter Eight Health Domains;86,2;;;;;;;;
OMN;Oman;Middle East and North Africa;MENA;High income;2006;Other NS 2006;Other NS 2006;83,3;;;;;;;;
OMN;Oman;Middle East and North Africa;MENA;High income;2007;Other NS 2007;Other NS 2007;86,3;;;;;;;;
OMN;Oman;Middle East and North Africa;MENA;High income;2008;Other NS 2008;National Reproductive Health Survey 2008;96,4;97,6;96;;;;;;
OMN;Oman;Middle East and North Africa;MENA;High income;2010;MoH Annual Report 2019;Oman Ministry of Health Annual Report 2019, Chapter Eight Health Domains;85,3;;;;;;;;
OMN;Oman;Middle East and North Africa;MENA;High income;2012;Other NS 2015;Situation Analysis 2015;80,4;;;;;;;;
OMN;Oman;Middle East and North Africa;MENA;High income;2014;MICS 2014;Multiple Indicator Cluster Survey 2014;93,8;;;;;;;;
OMN;Oman;Middle East and North Africa;MENA;High income;2015;MoH Annual Report 2019;Oman Ministry of Health Annual Report 2019, Chapter Eight Health Domains;76,5;;;;;;;;
OMN;Oman;Middle East and North Africa;MENA;High income;2016;MoH Annual Report 2019;Oman Ministry of Health Annual Report 2019, Chapter Eight Health Domains;74,5;;;;;;;;
OMN;Oman;Middle East and North Africa;MENA;High income;2017;MoH Annual Report 2019;Oman Ministry of Health Annual Report 2019, Chapter Eight Health Domains;77,1;;;;;;;;
OMN;Oman;Middle East and North Africa;MENA;High income;2018;MoH Annual Report 2019;Oman Ministry of Health Annual Report 2019, Chapter Eight Health Domains;76,4;;;;;;;;
OMN;Oman;Middle East and North Africa;MENA;High income;2019;MoH Annual Report 2019;Oman Ministry of Health Annual Report 2019, Chapter Eight Health Domains;73,9;;;;;;;;
PAK;Pakistan;South Asia;ROSA;Lower middle income;2007;DHS 2006-2007;Demographic and Health Survey 2006-2007;28,4;19,8;48,3;10,3;15,4;23,6;42,1;65;25,6
PAK;Pakistan;South Asia;ROSA;Lower middle income;2013;DHS 2012-2013;Demographic and Health Survey 2012-2013;36,6;25,8;61,6;13,5;24,9;32,5;52;80;34,9
PAK;Pakistan;South Asia;ROSA;Lower middle income;2018;DHS 2017-2018;Demographic and Health Survey 2017-2018;51,4;41,7;70,7;22,8;34;50;68,7;85,6;43,7
PAK;Pakistan;South Asia;ROSA;Lower middle income;2019;PMMS 2019;Pakistan Mortality Survey 2019;52,4;43,6;70,7;;;;;;
PAN;Panama;Latin America and Caribbean;LACRO;Upper middle income;2013;MICS 2013;Multiple Indicator Cluster Survey 2013;87,9;79,1;93,3;74,2;90,6;92,9;95,6;97,3;83,7
PER;Peru;Latin America and Caribbean;LACRO;Upper middle income;2000;DHS 2000;Demographic and Health Survey 2000;69;;;;;;;;64,2
PER;Peru;Latin America and Caribbean;LACRO;Upper middle income;2004;DHS 2004;Demographic and Health Survey 2004;87;78,6;92,6;;;;;;88,3
PER;Peru;Latin America and Caribbean;LACRO;Upper middle income;2006;DHS 2004-2006;Demographic and Health Survey 2004-2006;87,4;79,8;92,8;;;;;;85,3
PER;Peru;Latin America and Caribbean;LACRO;Upper middle income;2009;DHS 2009;Demographic and Health Survey 2009;92,5;87,6;94,8;;;;;;90,1
PER;Peru;Latin America and Caribbean;LACRO;Upper middle income;2010;DHS 2010;Demographic and Health Survey 2010;92,9;88,3;95,3;;;;;;90,6
PER;Peru;Latin America and Caribbean;LACRO;Upper middle income;2011;DHS 2011;Demographic and Health Survey 2011;94,2;89,8;96,3;;;;;;91,1
PER;Peru;Latin America and Caribbean;LACRO;Upper middle income;2012;DHS 2012;Demographic and Health Survey 2012;94,4;91,2;95,9;;;;;;88,5
PER;Peru;Latin America and Caribbean;LACRO;Upper middle income;2013;DHS 2013;Demographic and Health Survey 2013;95,1;91,5;96,6;;;;;;
PER;Peru;Latin America and Caribbean;LACRO;Upper middle income;2014;DHS 2014;Demographic and Health Survey 2014;94,7;90,4;96,4;;;;;;
PER;Peru;Latin America and Caribbean;LACRO;Upper middle income;2015;DHS 2015;Demographic and Health Survey 2015;95,6;93,2;96,5;;;;;;
PER;Peru;Latin America and Caribbean;LACRO;Upper middle income;2016;ENDES 2016;Encuesta Demografica y de Salud Familiar 2016;96;93,2;97;;;;;;92,8
PER;Peru;Latin America and Caribbean;LACRO;Upper middle income;2019;ENDES 2019;Encuesta Demografica y de Salud Familiar 2019;96,3;94,5;96,9;;;;;;
PER;Peru;Latin America and Caribbean;LACRO;Upper middle income;2020;ENDES 2020;Encuesta Demografica y de Salud Familiar 2020;95,8;94,9;96,1;;;;;;
PHL;Philippines;East Asia and Pacific;EAPRO;Lower middle income;2003;DHS 2003;Demographic and Health Survey 2003;70,4;62,3;78,2;50,8;59,4;72,3;81,2;88,2;69,3
PHL;Philippines;East Asia and Pacific;EAPRO;Lower middle income;2008;DHS 2008;Demographic and Health Survey 2008;77,8;72,6;83;59,9;69,6;80,2;88;92,5;72,1
PHL;Philippines;East Asia and Pacific;EAPRO;Lower middle income;2011;FHS 2011;Family Health Survey 2011;78,1;72,8;83,7;;;;;;
PHL;Philippines;East Asia and Pacific;EAPRO;Lower middle income;2013;DHS 2013;Demographic and Health Survey 2013;84,3;81,3;87,6;70,4;82,5;88,5;90,2;96;83,9
PHL;Philippines;East Asia and Pacific;EAPRO;Lower middle income;2017;DHS 2017;Demographic and Health Survey 2017;86,5;84,9;88,4;75,8;85,8;88,2;92;96,3;79,7
PLW;Palau;East Asia and Pacific;EAPRO;High income;2007;Other NS 2007;Other NS 2007;88;;;;;;;;
PLW;Palau;East Asia and Pacific;EAPRO;High income;2010;Other NS 2010;WHO Western Pacific Country Health Information Profile 2011;81;;;;;;;;
PNG;Papua New Guinea;East Asia and Pacific;EAPRO;Lower middle income;2006;DHS 2006;Demographic and Health Survey 2006;54,9;;;;;;;;
PNG;Papua New Guinea;East Asia and Pacific;EAPRO;Lower middle income;2018;DHS 2016-2018;Demographic and Health Survey 2016-2018;49;47,2;62,9;31,4;42,9;51,1;55,6;65,6;54,3
PRK;Democratic People's Republic of Korea;East Asia and Pacific;EAPRO;Low income;2009;MICS 2009;Multiple Indicator Cluster Survey 2009;93,5;90,2;95,6;;;;;;
PRK;Democratic People's Republic of Korea;East Asia and Pacific;EAPRO;Low income;2017;MICS 2017;Multiple Indicator Cluster Survey 2017;93,7;92,9;94,2;93;;;;;
PRY;Paraguay;Latin America and Caribbean;LACRO;Upper middle income;2004;Other NS 2004;Other NS 2004;78,8;69,3;86,2;;;;;;
PRY;Paraguay;Latin America and Caribbean;LACRO;Upper middle income;2008;ENDSSR 2008;Encuesta Nacional de Demografía y Salud Reproductiva (ENDSSR) 2008;90,5;;;;;;;;
PRY;Paraguay;Latin America and Caribbean;LACRO;Upper middle income;2015;Other NS 2016;Indicadores básicos de Salud 2016;83,3;;;;;;;;
PRY;Paraguay;Latin America and Caribbean;LACRO;Upper middle income;2016;MICS 2016;Multiple Indicator Cluster Survey 2016;93,6;91;95,3;86,2;94,3;97,7;94,1;98,7;92,1
PRY;Paraguay;Latin America and Caribbean;LACRO;Upper middle income;2018;Indicadores Basicos de Salud 2019;Indicadores Basicos de Salud 2019;85,9;;;;;;;;
PSE;State of Palestine;Middle East and North Africa;MENA;Lower middle income;2010;Other NS 2010;Palestinian Family Survey 2010;94;89,9;94,6;;;;;;
PSE;State of Palestine;Middle East and North Africa;MENA;Lower middle income;2014;MICS 2014;State of Palestine 2014 MICS;95,5;94,7;95,8;95,9;93,8;96,1;95,5;96,3;95,8
PSE;State of Palestine;Middle East and North Africa;MENA;Lower middle income;2020;MICS 2019-2020;State of Palestine 2019-2020 MICS;94,8;95,2;94,7;94,3;94,3;92,2;96,3;97;96,2
QAT;Qatar;Middle East and North Africa;MENA;High income;2012;MICS 2012;Multiple Indicator Cluster Survey 2012;84,5;;;;;;;;
RKS;Kosovo;Not Classified;ECARO;Upper middle income;2014;MICS 2013-2014;Multiple Indicator Cluster Survey 2013-2014;91,8;90;94,8;82,2;89,8;94,3;95,5;98,9;
RKS;Kosovo;Not Classified;ECARO;Upper middle income;2020;MICS 2019-2020;Multiple Indicator Cluster Survey 2019-2020;94,4;93,4;96,1;83,7;97,1;97,8;97,1;99,2;
ROU;Romania;Eastern Europe and Central Asia;ECARO;Upper middle income;2004;Other NS 2004;Other NS 2004;76;67,4;85;;;;;;
RWA;Rwanda;Eastern and Southern Africa;ESARO;Low income;2000;DHS 2000;Demographic and Health Survey 2000;10,4;;;;;;;;8,2
RWA;Rwanda;Eastern and Southern Africa;ESARO;Low income;2005;DHS 2005;Demographic and Health Survey 2005;13,3;12,6;17,6;11;13,1;11,2;14,3;18,6;5,5
RWA;Rwanda;Eastern and Southern Africa;ESARO;Low income;2008;DHS 2007-08 (Interim DHS);Demographic and Health Survey 2007-2008;23,9;23,5;26,4;;;;;;18,5
RWA;Rwanda;Eastern and Southern Africa;ESARO;Low income;2011;DHS 2010-2011;Demographic and Health Survey 2010-2011;35,4;34,7;40,4;35;34,9;33,3;36,4;42,8;31,1
RWA;Rwanda;Eastern and Southern Africa;ESARO;Low income;2015;DHS 2014-2015;Demographic and Health Survey 2014-2015;43,9;43,9;44,3;;;;;;38,6
RWA;Rwanda;Eastern and Southern Africa;ESARO;Low income;2020;DHS KIR 2019-2020;Demographic and Health Survey Key Indicators Report 2019-2020;47,2;46,8;49,2;38,3;44;47,9;51,3;56,3;43,6
SDN;Sudan;Eastern and Southern Africa;MENA;Low income;2010;SHHS 2010;Sudan Household Health Survey revised 2010;47,1;39,7;66,8;31,7;36,1;43,1;63,7;73,7;
SDN;Sudan;Eastern and Southern Africa;MENA;Low income;2014;MICS 2014;Multiple Indicator Cluster Survey 2014;50,7;43,2;71,8;;;;;;49
SEN;Senegal;West and Central Africa;WCARO;Lower middle income;2005;DHS 2005;Demographic and Health Survey 2005;39,8;33;50,6;29;29,6;37,8;47,6;65,4;37,2
SEN;Senegal;West and Central Africa;WCARO;Lower middle income;2011;MICS-DHS 2010-2011;Multiple Indicator Cluster Survey-Demographic and Health Survey 2010-2011;50;41,5;62,1;31;40,5;49,9;57,3;73,9;43,7
SEN;Senegal;West and Central Africa;WCARO;Lower middle income;2013;DHS 2012-2013;Demographic and Health Survey 2012-2013;46,5;39;59,1;;;;;;43,1
SEN;Senegal;West and Central Africa;WCARO;Lower middle income;2014;DHS 2014;Demographic and Health Survey 2014;48,1;41,7;55,8;;;;;;48,4
SEN;Senegal;West and Central Africa;WCARO;Lower middle income;2015;DHS 2015;Demographic and Health Survey 2015;46,7;40,3;57;32,4;38,3;49,6;53,7;64,3;40,3
SEN;Senegal;West and Central Africa;WCARO;Lower middle income;2016;DHS 2016;Demographic and Health Survey 2016;53,8;44,8;67,4;;;;;;44
SEN;Senegal;West and Central Africa;WCARO;Lower middle income;2017;DHS 2017;Demographic and Health Survey 2017;57;49,4;68,5;;;;;;53,3
SEN;Senegal;West and Central Africa;WCARO;Lower middle income;2018;DHS 2018;Demographic and Health Survey 2018;58,5;49,7;71,4;;;;;;57
SEN;Senegal;West and Central Africa;WCARO;Lower middle income;2019;DHS 2019;Demographic and Health Survey 2019;55,5;48,1;66,9;35,5;46,8;58,2;65;75,9;50,2
SLB;Solomon Islands;East Asia and Pacific;EAPRO;Lower middle income;2007;DHS 2006-2007;Demographic and Health Survey 2006-2007;64,6;65,5;58,8;;;;;;
SLB;Solomon Islands;East Asia and Pacific;EAPRO;Lower middle income;2015;DHS 2015;Demographic and Health Survey 2015;68,9;68,1;72,3;;;;;;
SLE;Sierra Leone;West and Central Africa;WCARO;Low income;2008;DHS 2008;Demographic and Health Survey 2008;56,1;52,2;65,9;48,1;54,2;54,8;57,5;67,4;54
SLE;Sierra Leone;West and Central Africa;WCARO;Low income;2010;MICS 2010;Multiple Indicator Cluster Survey 2010;74,7;73,6;77,5;67,7;72,5;75,1;77,3;83,7;77,1
SLE;Sierra Leone;West and Central Africa;WCARO;Low income;2013;DHS 2013;Demographic and Health Survey 2013;76;74,6;79,9;73,1;73,1;76,4;79,1;79,7;77
SLE;Sierra Leone;West and Central Africa;WCARO;Low income;2017;MICS 2017;Multiple Indicator Cluster Survey 2017;77,5;75,2;80,8;74,2;75,4;78,3;75,2;85,6;77,1
SLE;Sierra Leone;West and Central Africa;WCARO;Low income;2019;DHS 2019;Demographic and Health Survey 2019;78,8;82,6;72,6;79,4;85,2;84;75,4;67,6;81,6
SLV;El Salvador;Latin America and Caribbean;LACRO;Lower middle income;2003;Encuesta Nacional de Salud Familiar (FESAL) 2002-2003;"Encuesta Nacional de Salud Familiar (FESAL) 2002/03. Informe Final. San Salvador: ADS; 2004 (in Spanish).";71,2;;;;;;;;
SLV;El Salvador;Latin America and Caribbean;LACRO;Lower middle income;2008;Encuesta Nacional de Salud Familiar (FESAL) 2008;"Encuesta Nacional de Salud Familiar (FESAL) 2008. Informe Final. San Salvador: ADS; 2009 (in Spanish).";78,3;74,3;82,8;67,6;76,6;82,4;87;86,2;
SLV;El Salvador;Latin America and Caribbean;LACRO;Lower middle income;2014;MICS 2014;El Salvador 2014 MICS;90,1;87,8;91,8;83,8;91;89,3;92,5;97,6;90,4
SOM;Somalia;Eastern and Southern Africa;ESARO;Low income;2006;MICS 2006;Multiple Indicator Cluster Survey 2006;6,3;4,1;10,2;4,2;5,5;4,7;6,7;10,7;4,1
SOM;Somalia;Eastern and Southern Africa;ESARO;Low income;2019;Health and Demographic Survey 2020;Directorate of National Statistics, Federal Government of Somalia. The Somali Health and Demographic Survey 2020.;24,4;25,5;26,9;;;;;;
SRB;Serbia;Eastern Europe and Central Asia;ECARO;Upper middle income;2010;MICS 2010;Multiple Indicator Cluster Survey 2010;94,2;94;94,3;85,6;94,4;98,4;97,3;95,8;82,6
SRB;Serbia;Eastern Europe and Central Asia;ECARO;Upper middle income;2014;MICS 2014;Multiple Indicator Cluster Survey 2014;93,9;94,1;93,8;83,9;95,4;94,9;97,6;94,4;94,6
SRB;Serbia;Eastern Europe and Central Asia;ECARO;Upper middle income;2019;MICS 2019;Multiple Indicator Cluster Survey 2019;96,6;;97,7;83,9;97,4;98,9;99,2;99,4;
SSD;South Sudan;Eastern and Southern Africa;ESARO;Low income;2010;SHHS 2010;The South Sudan Household Health Survey 2010;17,3;14,4;25,6;4,7;11,4;12,5;21,1;35,2;20,7
STP;Sao Tome and Principe;West and Central Africa;WCARO;Lower middle income;2009;DHS 2008-2009;Demographic and Health Survey 2008-2009;72,4;68,9;75,9;54;62,6;76,3;74,7;91,4;73,6
STP;Sao Tome and Principe;West and Central Africa;WCARO;Lower middle income;2014;MICS 2014;Multiple Indicator Cluster Survey 2014;83,6;83,6;83,6;73,2;81,9;83,5;88,7;92,8;81,3
SUR;Suriname;Latin America and Caribbean;LACRO;Upper middle income;2010;MICS 2010;Multiple Indicator Cluster Survey 2010;66,8;64,7;68;59,4;69,7;68,9;72,8;70,3;68,4
SUR;Suriname;Latin America and Caribbean;LACRO;Upper middle income;2018;MICS 2018;Multiple Indicator Cluster Survey 2018;67,5;;;67,6;67,1;70,9;66,7;62,7;65,6
SWZ;Eswatini;Eastern and Southern Africa;ESARO;Lower middle income;2007;DHS 2006-2007;Demographic and Health Survey 2006-2007;79,3;77,8;84,1;;;;;;73,7
SWZ;Eswatini;Eastern and Southern Africa;ESARO;Lower middle income;2010;MICS 2010;Multiple Indicator Cluster Survey 2010;76,6;75,6;79,7;71,6;71,6;77,2;78,9;84,6;67,5
SWZ;Eswatini;Eastern and Southern Africa;ESARO;Lower middle income;2014;MICS 2014;Multiple Indicator Cluster Survey 2014;76,1;73,8;82,4;74,1;71,2;70;82,8;85,1;68,3
SYR;Syrian Arab Republic;Middle East and North Africa;MENA;Low income;2009;HHS 2010;Household and Health Survey 2010;63,7;58,8;67,5;;;;;;
TCA;Turks and Caicos Islands;Latin America and Caribbean;LACRO;High income;2020;MICS 2019-2020;Multiple Indicator Cluster Survey 2019-2020;93,2;;;;;;;;
TCD;Chad;West and Central Africa;WCARO;Low income;2004;DHS 2004;Demographic and Health Survey 2004;17,8;11,7;43,7;1,5;12,5;12,9;18,4;42,5;16,8
TCD;Chad;West and Central Africa;WCARO;Low income;2010;MICS 2010;Multiple Indicator Cluster Survey 2010;23,1;16,8;44,1;11,3;13,6;17,7;27,2;45,3;23,6
TCD;Chad;West and Central Africa;WCARO;Low income;2015;DHS-MICS 2014-2015;Demographic and Health Survey-Multiple Indicator Cluster Survey 2014-2015;31;26;51,1;23,7;26,2;26,3;28,3;53,5;33,8
TGO;Togo;West and Central Africa;WCARO;Low income;2010;MICS 2010;Multiple Indicator Cluster Survey 2010;54,9;46,8;70,9;36,9;43,4;53,9;67,2;79;51,9
TGO;Togo;West and Central Africa;WCARO;Low income;2014;DHS 2013-2014;Demographic and Health Survey 2013-2014;57,2;48,6;71,6;42,2;45,3;47;67,9;76,2;52,1
TGO;Togo;West and Central Africa;WCARO;Low income;2017;MICS 2017;Multiple Indicator Cluster Survey 2017;54,8;48,1;65,1;43,8;42,9;54,8;62,9;73,1;46,7
THA;Thailand;East Asia and Pacific;EAPRO;Upper middle income;2009;Other NS 2009;Reproductive Health 2009;79,6;78,8;82,1;;;;;;
THA;Thailand;East Asia and Pacific;EAPRO;Upper middle income;2012;MICS 2012;Multiple Indicator Cluster Survey 2012;93,4;93,3;93,6;85,9;93,8;95,7;93,4;96;90,4
THA;Thailand;East Asia and Pacific;EAPRO;Upper middle income;2016;MICS 2015-2016;Multiple Indicator Cluster Survey 2015-2016;90,8;89,8;92,2;89,2;88,9;88,7;92,7;95;89,4
THA;Thailand;East Asia and Pacific;EAPRO;Upper middle income;2019;MICS 2019;Multiple Indicator Cluster Survey 2019;90;89,1;91,4;83,4;91;91,7;91,7;92,1;81,4
TJK;Tajikistan;Eastern Europe and Central Asia;ECARO;Lower middle income;2007;TLSS 2007;Tajikistan Living Standards Measurement Survey 2007;49,4;45,2;61;53,3;54,9;42;44,2;52,5;
TJK;Tajikistan;Eastern Europe and Central Asia;ECARO;Lower middle income;2012;DHS 2012;Demographic and Health Survey 2012;52,5;49,1;64;30,5;37,8;56,8;68,4;70,8;60,8
TJK;Tajikistan;Eastern Europe and Central Asia;ECARO;Lower middle income;2017;DHS 2017;Demographic and Health Survey 2017;64,2;60;79,1;;;;;;66,9
TKM;Turkmenistan;Eastern Europe and Central Asia;ECARO;Upper middle income;2000;DHS 2000;Demographic and Health Survey 2000;82,8;;;;;;;;76,7
TKM;Turkmenistan;Eastern Europe and Central Asia;ECARO;Upper middle income;2016;MICS 2015-2016;Multiple Indicator Cluster Survey 2015-2016;96,4;;;;;;;;97,6
TKM;Turkmenistan;Eastern Europe and Central Asia;ECARO;Upper middle income;2019;MICS 2019;Turkmenistan 2019 Multiple Indicator Cluster Survey;97,6;97,5;97,7;98,5;96,3;97,1;97,1;98,8;96,4
TLS;Timor-Leste;East Asia and Pacific;EAPRO;Lower middle income;2003;DHS 2003;Demographic and Health Survey 2003;29,6;;45,7;;;;;;
TLS;Timor-Leste;East Asia and Pacific;EAPRO;Lower middle income;2010;DHS 2009-2010;Demographic and Health Survey 2009-2010;55,1;52,5;62,8;41,1;45,9;58,3;61,9;66,5;52,8
TLS;Timor-Leste;East Asia and Pacific;EAPRO;Lower middle income;2016;DHS 2016;Demographic and Health Survey 2016;76,7;72,4;87;;;;;;74,4
TON;Tonga;East Asia and Pacific;EAPRO;Upper middle income;2012;DHS 2012;Demographic and Health Survey 2012;70,4;70;71,7;;;;;;
TON;Tonga;East Asia and Pacific;EAPRO;Upper middle income;2019;MICS 2019;Multiple Indicator Cluster Survey 2019;88,5;90;83,1;90,6;80,8;92,5;89,4;88,9;90
TTO;Trinidad and Tobago;Latin America and Caribbean;LACRO;High income;2011;MICS 2011;Multiple Indicator Cluster Survey 2011;87,3;93,1;83,9;85,8;87,8;85,2;86,8;;80,6
TTO;Trinidad and Tobago;Latin America and Caribbean;LACRO;High income;2013;Other NS 2013;WHO Health Situation in the Americas Basic Indicators 2014;100;;;;;;;;
TUN;Tunisia;Middle East and North Africa;MENA;Lower middle income;2006;MICS 2006;Multiple Indicator Cluster Survey 2006;67,5;55;75;;;;;;
TUN;Tunisia;Middle East and North Africa;MENA;Lower middle income;2012;MICS 2011-2012;Multiple Indicator Cluster Survey 2011-2012;85,1;79,9;88,2;73,2;84,6;82,2;89,3;96,3;
TUN;Tunisia;Middle East and North Africa;MENA;Lower middle income;2018;MICS 2018;Multiple Indicator Cluster Survey 2018;84,1;76,6;88,5;70,1;82,8;82,6;90,7;94,2;
TUR;Turkey;Eastern Europe and Central Asia;ECARO;Upper middle income;2003;DHS 2003;Demographic and Health Survey 2003;53,9;32,5;63,7;17,8;41,2;64;74,5;88,3;56,7
TUR;Turkey;Eastern Europe and Central Asia;ECARO;Upper middle income;2008;DHS 2008;Demographic and Health Survey 2008;73,7;54,8;80,4;;;;;;70,6
TUR;Turkey;Eastern Europe and Central Asia;ECARO;Upper middle income;2014;DHS 2013-2014;Demographic and Health Survey 2013-2014;88,9;74,7;92,4;;;;;;83,2
TUR;Turkey;Eastern Europe and Central Asia;ECARO;Upper middle income;2018;DHS-Style 2018;Turkey Demographic and Health Survey 2018. Hacettepe University Institute of Population Studies, T.R. Presidency of Turkey Directorate of Strategy and Budget and TÜBİTAK, Ankara, Turkey.;89,7;84;91,4;;;;;;
TUV;Tuvalu;East Asia and Pacific;EAPRO;Upper middle income;2007;DHS 2007;Demographic and Health Survey 2007;67,3;;;;;;;;
TUV;Tuvalu;East Asia and Pacific;EAPRO;Upper middle income;2020;MICS 2019-2020;Multiple Indicator Cluster Survey 2019-2020;60,3;61,1;59,8;;;;;;
TZA;United Republic of Tanzania;Eastern and Southern Africa;ESARO;Lower middle income;2005;DHS 2004-2005;Demographic and Health Survey 2004-2005;61,5;58,5;71,4;50;55,2;54;56,9;68,4;62
TZA;United Republic of Tanzania;Eastern and Southern Africa;ESARO;Lower middle income;2010;DHS 2009-2010;Demographic and Health Survey 2009-2010;42,8;39,1;54,8;34,4;29,7;36,3;42,5;56;36,1
TZA;United Republic of Tanzania;Eastern and Southern Africa;ESARO;Lower middle income;2016;DHS 2015-2016;Demographic and Health Survey 2015-2016;50,7;45,2;63,8;;43,2;46,6;56,1;69,9;47,7
TZA;United Republic of Tanzania;Eastern and Southern Africa;ESARO;Lower middle income;2017;MIS 2017;Malaria Indicator Survey 2017;62,2;56,5;75,6;51,2;51,7;60,9;68,3;79,2;
UGA;Uganda;Eastern and Southern Africa;ESARO;Low income;2001;DHS 2000-2001;Demographic and Health Survey 2000-2001;41,9;36,6;64,5;40,4;42,5;38,3;33,4;42,6;44,9
UGA;Uganda;Eastern and Southern Africa;ESARO;Low income;2006;DHS 2006;Demographic and Health Survey 2006;47,2;45,3;59,6;41,9;39,8;40,5;41,7;63,1;47
UGA;Uganda;Eastern and Southern Africa;ESARO;Low income;2011;DHS 2011;Demographic and Health Survey 2011;47,6;45,8;57;40,3;40,1;43,7;51,7;58,4;51,5
UGA;Uganda;Eastern and Southern Africa;ESARO;Low income;2016;DHS 2016;Demographic and Health Survey 2016;59,9;58,3;65,2;53,9;57,4;59;62,8;66,4;59,4
UGA;Uganda;Eastern and Southern Africa;ESARO;Low income;2018;MIS 2018-19;Uganda Malaria Indicator Survey 2018-19. Kampala, Uganda, and Rockville, Maryland, USA: NMCD, UBOS, and ICF.;56,7;56,4;57,7;;;;;;
UKR;Ukraine;Eastern Europe and Central Asia;ECARO;Lower middle income;2007;DHS 2007;Demographic and Health Survey 2007;74,8;78;73,2;80,9;82,8;74,2;72,2;79,7;72,3
UKR;Ukraine;Eastern Europe and Central Asia;ECARO;Lower middle income;2012;MICS 2012;Multiple Indicator Cluster Survey 2012;87,2;93;84,9;92,6;89,8;89,4;85,6;80,5;87,3
URY;Uruguay;Latin America and Caribbean;LACRO;High income;2007;Other NS 2007;Encuesta de lactancia, estado nutricional y alimentacion complementaria 2007;90;;;;;;;;
URY;Uruguay;Latin America and Caribbean;LACRO;High income;2013;MICS 2012-2013;Multiple Indicator Cluster Survey 2012-2013;76,8;89,8;75,7;;;;;;44,4
USA;United States;North America;Industrialized;High income;2011;Other NS 2011;WHO Health Situation in the Americas Basic Indicators 2014;96,6;;;;;;;;
VCT;Saint Vincent and the Grenadines;Latin America and Caribbean;LACRO;Upper middle income;2009;Other NS 2009;WHO Health Situation in the Americas Basic Indicators 2010;99,5;;;;;;;;
VEN;Venezuela (Bolivarian Republic of);Latin America and Caribbean;LACRO;Not Classified;2012;Other NS 2012;WHO Health Situation in the Americas Basic Indicators 2014;61;;;;;;;;
VEN;Venezuela (Bolivarian Republic of);Latin America and Caribbean;LACRO;Not Classified;2013;Other NS 2017;MPPS Comunicación 0625 2017;83,8;;;82,4;81;87,3;89,6;85,5;
VNM;Viet Nam;East Asia and Pacific;EAPRO;Lower middle income;2002;DHS 2002;Demographic and Health Survey 2002;29,3;;;;;;;;24,7
VNM;Viet Nam;East Asia and Pacific;EAPRO;Lower middle income;2011;MICS 2010-2011;Multiple Indicator Cluster Survey 2010-2011;59,6;50,5;81,6;27,2;45;58,5;78,7;88,7;41,3
VNM;Viet Nam;East Asia and Pacific;EAPRO;Lower middle income;2014;MICS 2013-2014;Multiple Indicator Cluster Survey 2013-2014;73,7;68,5;86,3;38,6;67,4;77,4;89,4;95,9;54,5
VNM;Viet Nam;East Asia and Pacific;EAPRO;Lower middle income;2021;SDGCW 2020-2021 (Key Indicators);Viet Nam Sustainable Development Goal on Children and Women Survey 2020-2021 (Key Indicators);88,2;;;;;;;;
VUT;Vanuatu;East Asia and Pacific;EAPRO;Lower middle income;2013;DHS 2013;Demographic and Health Survey 2013;51,8;54,1;46,4;;;;;;
WSM;Samoa;East Asia and Pacific;EAPRO;Lower middle income;2009;DHS 2009;Demographic and Health Survey 2009;58,4;59,2;54,8;;;;;;
WSM;Samoa;East Asia and Pacific;EAPRO;Lower middle income;2014;DHS 2014;Demographic and Health Survey 2014;72,9;72,8;73;;;;;;
WSM;Samoa;East Asia and Pacific;EAPRO;Lower middle income;2020;DHS-MICS 2019-2020;Samoa Bureau of Statistics. 2021. Samoa Demographic and Health - Multiple Indicator Cluster Survey 2019-20, Survey Findings Report. Apia, Samoa: Samoa Bureau of Statistics.;96,8;69,4;72,1;64,4;68;72,9;68,8;78,9;70,3
YEM;Yemen;Middle East and North Africa;MENA;Low income;2003;FHS 2003;Family Health Survey 2003;13,9;8,4;33,2;;;;;;
YEM;Yemen;Middle East and North Africa;MENA;Low income;2013;DHS 2013;Demographic and Health Survey 2013;25,1;15,8;47,2;;;;;;29,8
ZAF;South Africa;Eastern and Southern Africa;ESARO;Upper middle income;2004;DHS 2003-2004;Demographic and Health Survey 2003-2004;56,1;59,7;54,2;;;;;;
ZAF;South Africa;Eastern and Southern Africa;ESARO;Upper middle income;2008;Other NS 2008;n National HIV Prevalence, Incidence, Behaviour and Communication Survey, : The health of our children 2008:  2008;87,1;;;;;;;;
ZAF;South Africa;Eastern and Southern Africa;ESARO;Upper middle income;2016;DHS 2016;Demographic and Health Survey 2016;75,5;79,7;73,1;70;74,8;77,8;76,7;80;76,7
ZMB;Zambia;Eastern and Southern Africa;ESARO;Lower middle income;2002;DHS 2001-2002;Demographic and Health Survey 2001-2002;71,6;67,5;79,6;;;;;;65,5
ZMB;Zambia;Eastern and Southern Africa;ESARO;Lower middle income;2007;DHS 2007;Demographic and Health Survey 2007;60,3;61,2;58,6;55,7;57,7;60,5;52,1;56,2;53
ZMB;Zambia;Eastern and Southern Africa;ESARO;Lower middle income;2014;DHS 2013-2014;Demographic and Health Survey 2013-2014;55,5;55,2;55,9;48,1;52,5;52,5;50,7;65,3;51,7
ZMB;Zambia;Eastern and Southern Africa;ESARO;Lower middle income;2019;DHS 2018-2019;Demographic and Health Survey 2018-2019;63,5;65,3;60,7;;;;;;58,5
ZWE;Zimbabwe;Eastern and Southern Africa;ESARO;Lower middle income;2006;DHS 2005-2006;Demographic and Health Survey 2005-2006;71,1;68,9;75,8;61,4;66,6;64,3;68,8;83,8;66,5
ZWE;Zimbabwe;Eastern and Southern Africa;ESARO;Lower middle income;2009;MICS 2009;Multiple Indicator Cluster Survey 2009;56,8;55,5;60,1;51,9;54,8;55,2;59,5;65,6;56,4
ZWE;Zimbabwe;Eastern and Southern Africa;ESARO;Lower middle income;2011;DHS 2010-2011;Demographic and Health Survey 2010-2011;64,8;64,3;66;54;56,7;56,2;60;72;52,6
ZWE;Zimbabwe;Eastern and Southern Africa;ESARO;Lower middle income;2014;MICS 2014;Multiple Indicator Cluster Survey 2014;70,1;69,3;71,9;65,2;68,6;73,7;67,5;77,7;66,2
ZWE;Zimbabwe;Eastern and Southern Africa;ESARO;Lower middle income;2015;DHS 2015;Demographic and Health Survey 2015;75,7;74,9;77,4;;;;;;72,7
ZWE;Zimbabwe;Eastern and Southern Africa;ESARO;Lower middle income;2019;MICS 2019;Multiple Indicator Cluster Survey 2019;71,5;73,3;67,8;69,9;73,6;73,7;67,4;74,3;70,9
